bet_id,user_id,game_id,bet_amount,win_amount,bet_time
1,376,39,88.04,83.48,2025-03-04 14:19:13.014301
2,5,4,2.29,112.55,2025-04-04 14:19:13.014323
3,218,11,94.53,65.08,2025-03-07 14:19:13.014326
4,11,29,49.43,92.21,2025-03-04 14:19:13.014328
5,382,2,34.85,10.7,2025-03-22 14:19:13.014330
6,327,16,92.5,25.34,2025-03-20 14:19:13.014332
7,117,39,3.41,60.26,2025-03-31 14:19:13.014334
8,184,13,58.56,2.4,2025-04-22 14:19:13.014337
9,394,37,55.34,30.34,2025-02-27 14:19:13.014340
10,362,17,22.71,62.09,2025-04-23 14:19:13.014342
11,116,21,43.46,1.8,2025-03-10 14:19:13.014344
12,162,44,65.57,31.75,2025-04-17 14:19:13.014346
13,67,19,72.99,61.68,2025-04-09 14:19:13.014348
14,200,7,1.07,68.78,2025-03-15 14:19:13.014350
15,31,38,93.75,111.09,2025-03-01 14:19:13.014352
16,75,8,17.29,77.44,2025-04-01 14:19:13.014354
17,237,13,24.12,49.77,2025-03-12 14:19:13.014355
18,327,37,27.08,111.64,2025-04-11 14:19:13.014357
19,493,2,4.74,94.19,2025-04-04 14:19:13.014359
20,66,41,13.18,24.0,2025-04-15 14:19:13.014361
21,70,11,98.65,15.7,2025-04-21 14:19:13.014363
22,297,24,32.21,81.1,2025-04-16 14:19:13.014364
23,447,6,12.41,67.19,2025-03-11 14:19:13.014366
24,416,26,11.59,94.76,2025-04-02 14:19:13.014368
25,20,7,72.23,88.66,2025-04-19 14:19:13.014370
26,441,39,85.6,75.03,2025-04-18 14:19:13.014372
27,226,19,26.44,118.37,2025-03-24 14:19:13.014373
28,434,6,3.07,64.03,2025-03-05 14:19:13.014375
29,464,43,23.09,13.57,2025-02-23 14:19:13.014377
30,409,29,6.6,99.39,2025-03-19 14:19:13.014379
31,396,43,11.24,30.22,2025-04-06 14:19:13.014381
32,199,39,43.72,93.28,2025-03-29 14:19:13.014382
33,39,2,23.76,114.85,2025-03-23 14:19:13.014384
34,145,19,52.08,83.62,2025-04-17 14:19:13.014386
35,45,4,26.1,71.52,2025-03-05 14:19:13.014388
36,395,6,94.11,55.25,2025-03-30 14:19:13.014390
37,326,49,90.69,43.73,2025-04-24 14:19:13.014392
38,381,37,57.11,42.36,2025-03-16 14:19:13.014394
39,407,28,36.09,76.36,2025-04-14 14:19:13.014396
40,91,30,38.73,90.15,2025-03-03 14:19:13.014397
41,238,7,41.77,81.42,2025-02-28 14:19:13.014399
42,70,9,73.03,23.81,2025-03-10 14:19:13.014401
43,166,25,45.71,59.28,2025-03-09 14:19:13.014403
44,130,33,85.82,95.0,2025-03-11 14:19:13.014405
45,214,1,94.47,57.08,2025-02-28 14:19:13.014407
46,340,6,34.26,64.39,2025-03-09 14:19:13.014408
47,89,18,56.51,92.54,2025-04-24 14:19:13.014410
48,335,10,10.41,79.35,2025-03-05 14:19:13.014412
49,252,28,20.85,49.12,2025-03-02 14:19:13.014414
50,369,11,41.93,107.45,2025-03-21 14:19:13.014415
51,349,33,21.41,19.51,2025-02-26 14:19:13.014418
52,72,1,87.78,119.46,2025-03-25 14:19:13.014419
53,165,13,16.67,14.26,2025-03-07 14:19:13.014421
54,49,37,46.11,1.79,2025-03-01 14:19:13.014423
55,52,20,60.96,106.8,2025-04-23 14:19:13.014425
56,289,1,69.49,29.39,2025-04-15 14:19:13.014427
57,278,3,38.92,87.56,2025-03-13 14:19:13.014429
58,114,18,87.04,97.32,2025-04-01 14:19:13.014431
59,239,41,57.26,103.08,2025-03-30 14:19:13.014432
60,133,14,44.51,118.99,2025-02-27 14:19:13.014434
61,487,31,7.66,35.28,2025-03-24 14:19:13.014436
62,274,27,47.0,85.23,2025-04-06 14:19:13.014440
63,166,17,82.25,13.85,2025-03-09 14:19:13.014443
64,374,46,61.84,48.82,2025-02-27 14:19:13.014446
65,373,29,83.38,101.76,2025-02-23 14:19:13.014449
66,293,36,49.91,44.12,2025-04-07 14:19:13.014452
67,478,37,12.73,70.93,2025-04-04 14:19:13.014457
68,243,26,2.35,60.45,2025-03-16 14:19:13.014459
69,479,17,31.02,77.51,2025-03-10 14:19:13.014463
70,320,22,70.1,116.75,2025-03-08 14:19:13.014466
71,138,25,79.24,6.69,2025-03-25 14:19:13.014468
72,79,2,30.28,68.88,2025-04-11 14:19:13.014472
73,170,22,50.07,103.56,2025-03-23 14:19:13.014474
74,123,5,42.69,57.77,2025-04-17 14:19:13.014478
75,176,4,41.64,9.42,2025-03-20 14:19:13.014480
76,300,36,23.9,67.26,2025-04-01 14:19:13.014483
77,82,6,14.5,39.85,2025-03-06 14:19:13.014487
78,87,21,20.47,18.59,2025-04-24 14:19:13.014490
79,225,13,6.48,101.88,2025-03-26 14:19:13.014494
80,16,37,20.61,62.59,2025-03-02 14:19:13.014497
81,310,25,1.91,111.99,2025-04-10 14:19:13.014500
82,358,26,63.1,96.72,2025-04-12 14:19:13.014503
83,163,39,32.32,83.16,2025-04-04 14:19:13.014507
84,98,20,97.34,0.6,2025-04-22 14:19:13.014509
85,156,33,20.18,51.34,2025-03-11 14:19:13.014513
86,2,14,35.24,23.7,2025-04-20 14:19:13.014516
87,350,36,36.43,109.3,2025-04-19 14:19:13.014519
88,397,17,1.84,20.95,2025-03-04 14:19:13.014522
89,169,21,84.08,34.33,2025-03-01 14:19:13.014525
90,464,46,4.17,62.02,2025-03-24 14:19:13.014527
91,315,16,94.08,31.6,2025-04-03 14:19:13.014529
92,325,46,89.32,25.18,2025-03-17 14:19:13.014531
93,375,16,54.02,71.89,2025-03-16 14:19:13.014533
94,92,20,54.82,10.67,2025-04-07 14:19:13.014535
95,181,29,65.72,6.98,2025-03-06 14:19:13.014537
96,231,28,39.32,44.67,2025-03-13 14:19:13.014539
97,301,8,65.08,86.48,2025-03-28 14:19:13.014541
98,148,24,5.43,66.58,2025-03-15 14:19:13.014543
99,280,3,6.35,50.75,2025-03-12 14:19:13.014544
100,189,25,46.27,67.89,2025-02-23 14:19:13.014546
101,347,19,55.41,43.85,2025-03-16 14:19:13.014548
102,350,33,88.89,112.34,2025-03-16 14:19:13.014550
103,314,2,11.36,6.59,2025-03-03 14:19:13.014552
104,493,15,82.44,80.81,2025-04-11 14:19:13.014554
105,411,22,21.79,106.95,2025-04-18 14:19:13.014555
106,410,10,40.01,96.47,2025-04-01 14:19:13.014557
107,128,18,32.34,22.08,2025-03-17 14:19:13.014559
108,7,22,40.62,35.51,2025-03-16 14:19:13.014561
109,426,46,15.9,86.05,2025-04-02 14:19:13.014562
110,47,49,50.85,10.11,2025-04-06 14:19:13.014567
111,53,27,80.36,97.42,2025-04-12 14:19:13.014569
112,187,13,44.71,86.27,2025-03-19 14:19:13.014570
113,38,33,49.57,87.55,2025-03-21 14:19:13.014572
114,453,5,85.03,12.03,2025-02-28 14:19:13.014574
115,471,26,70.9,86.13,2025-03-13 14:19:13.014576
116,476,13,49.55,81.58,2025-04-11 14:19:13.014578
117,226,27,26.51,99.71,2025-03-22 14:19:13.014581
118,53,14,88.61,4.99,2025-03-21 14:19:13.014584
119,399,24,58.13,2.77,2025-03-22 14:19:13.014587
120,224,3,22.89,44.76,2025-02-23 14:19:13.014590
121,154,47,27.64,17.85,2025-03-29 14:19:13.014594
122,48,49,80.51,67.01,2025-02-25 14:19:13.014596
123,351,30,5.37,110.08,2025-04-03 14:19:13.014599
124,147,35,99.22,46.98,2025-03-11 14:19:13.014602
125,393,48,13.9,101.39,2025-03-19 14:19:13.014605
126,64,14,79.81,0.03,2025-04-04 14:19:13.014608
127,349,12,40.08,20.22,2025-04-21 14:19:13.014611
128,182,28,49.73,3.65,2025-03-30 14:19:13.014616
129,125,44,88.18,39.38,2025-04-18 14:19:13.014619
130,179,29,41.88,108.98,2025-04-20 14:19:13.014622
131,39,43,54.21,11.63,2025-02-24 14:19:13.014626
132,260,17,5.88,72.77,2025-03-16 14:19:13.014629
133,382,40,1.23,54.18,2025-03-05 14:19:13.014632
134,3,49,25.24,112.62,2025-04-23 14:19:13.014634
135,64,21,68.38,14.7,2025-03-18 14:19:13.014636
136,29,23,13.01,25.44,2025-04-04 14:19:13.014639
137,372,20,12.26,3.55,2025-03-23 14:19:13.014642
138,11,11,41.69,52.07,2025-03-03 14:19:13.014644
139,97,34,65.14,33.34,2025-03-19 14:19:13.014648
140,358,10,71.5,104.39,2025-02-26 14:19:13.014651
141,442,10,18.67,72.59,2025-04-15 14:19:13.014653
142,203,43,8.88,73.69,2025-04-09 14:19:13.014656
143,411,6,94.1,63.83,2025-03-24 14:19:13.014659
144,481,36,26.81,11.02,2025-03-12 14:19:13.014662
145,21,24,85.48,53.4,2025-03-17 14:19:13.014666
146,39,12,86.49,119.94,2025-02-27 14:19:13.014669
147,223,43,77.48,100.23,2025-02-28 14:19:13.014672
148,102,23,17.71,107.22,2025-04-18 14:19:13.014676
149,46,27,82.36,98.79,2025-03-31 14:19:13.014678
150,66,45,77.16,12.37,2025-04-07 14:19:13.014683
151,91,37,60.08,27.29,2025-04-13 14:19:13.014686
152,164,6,34.38,0.37,2025-04-22 14:19:13.014689
153,459,1,26.99,36.42,2025-04-03 14:19:13.014691
154,111,6,13.07,13.03,2025-03-04 14:19:13.014693
155,338,50,51.47,56.74,2025-04-08 14:19:13.014694
156,123,22,58.94,81.26,2025-04-20 14:19:13.014696
157,193,41,36.57,104.94,2025-03-11 14:19:13.014698
158,447,24,48.06,89.91,2025-04-22 14:19:13.014700
159,99,25,36.99,112.63,2025-03-11 14:19:13.014701
160,291,15,64.46,6.47,2025-04-06 14:19:13.014703
161,159,26,90.22,1.46,2025-03-10 14:19:13.014705
162,412,8,17.23,79.36,2025-03-17 14:19:13.014707
163,103,24,38.76,34.72,2025-04-20 14:19:13.014709
164,385,48,14.95,30.42,2025-04-13 14:19:13.014710
165,281,38,62.87,39.71,2025-04-07 14:19:13.014712
166,43,6,73.16,32.38,2025-04-19 14:19:13.014714
167,486,35,93.26,61.37,2025-03-22 14:19:13.014716
168,84,42,28.61,52.82,2025-03-09 14:19:13.014718
169,451,1,95.07,61.49,2025-04-23 14:19:13.014719
170,191,46,7.26,80.73,2025-03-24 14:19:13.014721
171,51,36,60.7,46.46,2025-04-16 14:19:13.014723
172,386,12,6.66,30.16,2025-03-11 14:19:13.014725
173,210,38,89.48,19.94,2025-04-20 14:19:13.014727
174,126,11,53.45,41.94,2025-03-14 14:19:13.014730
175,492,12,67.27,89.02,2025-02-27 14:19:13.014731
176,448,42,83.33,90.8,2025-03-12 14:19:13.014733
177,458,50,15.88,80.03,2025-03-19 14:19:13.014735
178,69,39,4.82,28.08,2025-04-12 14:19:13.014738
179,265,7,88.01,70.57,2025-02-24 14:19:13.014739
180,258,11,32.18,68.48,2025-04-08 14:19:13.014741
181,418,36,13.77,58.11,2025-03-30 14:19:13.014743
182,188,31,47.38,66.0,2025-04-02 14:19:13.014745
183,230,33,60.23,59.01,2025-03-18 14:19:13.014747
184,189,13,4.07,67.85,2025-04-06 14:19:13.014748
185,415,18,28.21,85.86,2025-04-10 14:19:13.014750
186,10,41,4.25,13.16,2025-04-14 14:19:13.014752
187,114,24,42.61,89.96,2025-04-09 14:19:13.014754
188,76,9,89.61,16.31,2025-04-16 14:19:13.014755
189,164,31,98.28,8.0,2025-02-25 14:19:13.014757
190,85,41,64.07,117.13,2025-04-10 14:19:13.014759
191,49,10,17.0,114.84,2025-04-23 14:19:13.014761
192,495,2,90.68,7.25,2025-03-16 14:19:13.014762
193,326,38,52.11,53.19,2025-02-27 14:19:13.014764
194,496,15,16.22,22.35,2025-03-28 14:19:13.014766
195,177,3,92.25,58.24,2025-03-20 14:19:13.014768
196,387,43,75.99,99.62,2025-04-07 14:19:13.014770
197,458,31,73.44,114.07,2025-03-27 14:19:13.014772
198,389,6,71.21,76.11,2025-04-06 14:19:13.014773
199,494,3,20.83,42.47,2025-04-11 14:19:13.014775
200,218,11,21.89,72.4,2025-03-18 14:19:13.014777
201,189,15,69.14,37.44,2025-03-12 14:19:13.014779
202,469,45,22.75,109.18,2025-04-03 14:19:13.014781
203,493,28,44.43,104.45,2025-04-21 14:19:13.014783
204,346,10,78.42,66.99,2025-04-16 14:19:13.014785
205,230,38,78.61,38.98,2025-03-05 14:19:13.014787
206,255,47,45.87,35.21,2025-03-23 14:19:13.014788
207,236,50,79.43,4.01,2025-04-16 14:19:13.014790
208,26,50,84.02,97.9,2025-03-07 14:19:13.014792
209,72,7,65.82,54.05,2025-03-02 14:19:13.014794
210,261,15,23.61,39.02,2025-04-10 14:19:13.014796
211,254,18,28.13,56.53,2025-03-18 14:19:13.014798
212,271,18,32.17,98.25,2025-04-19 14:19:13.014799
213,123,41,12.56,14.95,2025-04-23 14:19:13.014801
214,144,24,28.04,102.92,2025-03-27 14:19:13.014803
215,257,2,21.74,107.7,2025-03-25 14:19:13.014805
216,144,40,46.08,113.6,2025-03-29 14:19:13.014806
217,421,20,90.94,47.7,2025-04-17 14:19:13.014808
218,259,34,11.34,26.06,2025-04-01 14:19:13.014810
219,436,43,72.31,44.84,2025-03-21 14:19:13.014812
220,47,26,69.04,39.95,2025-03-14 14:19:13.014814
221,351,7,10.48,21.14,2025-03-20 14:19:13.014815
222,13,38,92.33,72.87,2025-04-14 14:19:13.014817
223,376,30,57.28,57.19,2025-03-25 14:19:13.014819
224,208,42,37.01,103.88,2025-03-08 14:19:13.014821
225,311,5,75.9,3.85,2025-02-26 14:19:13.014823
226,235,11,26.48,77.26,2025-03-31 14:19:13.014824
227,149,1,69.66,91.55,2025-04-01 14:19:13.014826
228,322,34,4.93,91.14,2025-03-30 14:19:13.014828
229,438,1,84.1,106.33,2025-04-17 14:19:13.014830
230,155,19,45.37,87.48,2025-03-30 14:19:13.014832
231,166,2,64.03,111.34,2025-04-16 14:19:13.014833
232,90,21,22.9,39.92,2025-03-30 14:19:13.014835
233,186,20,68.03,60.39,2025-04-06 14:19:13.014837
234,318,23,77.45,1.69,2025-04-16 14:19:13.014840
235,358,21,47.85,0.83,2025-03-21 14:19:13.014841
236,174,24,62.15,28.82,2025-03-28 14:19:13.014843
237,217,4,46.18,12.1,2025-04-19 14:19:13.014845
238,395,12,89.52,31.23,2025-03-25 14:19:13.014847
239,456,22,50.29,21.25,2025-03-12 14:19:13.014848
240,264,20,84.34,3.42,2025-04-14 14:19:13.014850
241,97,18,80.33,109.12,2025-04-16 14:19:13.014852
242,117,1,41.64,0.99,2025-03-02 14:19:13.014854
243,199,30,23.78,88.33,2025-04-24 14:19:13.014855
244,320,33,41.2,18.26,2025-03-07 14:19:13.014857
245,486,24,82.8,109.47,2025-04-14 14:19:13.014859
246,21,14,23.54,107.14,2025-03-27 14:19:13.014861
247,200,36,52.92,78.47,2025-03-27 14:19:13.014862
248,371,5,80.8,80.67,2025-03-16 14:19:13.014864
249,447,11,35.99,0.64,2025-03-12 14:19:13.014866
250,341,24,64.58,118.18,2025-04-09 14:19:13.014868
251,448,31,25.32,105.34,2025-03-10 14:19:13.014870
252,248,13,11.82,107.41,2025-03-17 14:19:13.014871
253,276,16,79.64,79.11,2025-04-02 14:19:13.014873
254,264,24,10.8,41.37,2025-02-27 14:19:13.014875
255,58,13,27.87,107.24,2025-03-11 14:19:13.014877
256,302,24,85.66,34.98,2025-04-19 14:19:13.014879
257,31,26,35.3,67.53,2025-03-11 14:19:13.014881
258,498,2,97.33,11.97,2025-03-27 14:19:13.014882
259,249,16,97.99,110.63,2025-04-01 14:19:13.014884
260,93,38,27.56,16.89,2025-03-04 14:19:13.014886
261,496,46,5.06,26.99,2025-04-19 14:19:13.014888
262,265,1,70.8,66.98,2025-03-16 14:19:13.014890
263,271,49,45.65,91.69,2025-03-07 14:19:13.014892
264,94,11,10.97,74.32,2025-02-26 14:19:13.014893
265,154,35,71.04,27.86,2025-03-19 14:19:13.014895
266,394,43,4.09,0.11,2025-03-15 14:19:13.014897
267,285,29,87.15,90.86,2025-04-23 14:19:13.014899
268,80,37,14.73,118.22,2025-04-05 14:19:13.014901
269,292,17,13.6,97.19,2025-04-12 14:19:13.014902
270,84,39,18.39,55.22,2025-04-07 14:19:13.014904
271,365,42,96.07,108.45,2025-02-26 14:19:13.014906
272,374,28,69.62,49.18,2025-03-18 14:19:13.014908
273,37,29,80.34,62.99,2025-03-17 14:19:13.014910
274,342,43,40.37,57.26,2025-03-27 14:19:13.014912
275,327,3,34.29,53.71,2025-02-27 14:19:13.014913
276,407,10,24.21,93.02,2025-03-15 14:19:13.014915
277,425,42,48.58,63.21,2025-04-12 14:19:13.014917
278,232,14,55.63,38.01,2025-04-08 14:19:13.014919
279,93,12,63.55,30.98,2025-04-06 14:19:13.014921
280,336,47,26.45,4.53,2025-04-05 14:19:13.014923
281,102,42,94.92,69.98,2025-04-05 14:19:13.014924
282,412,30,17.81,27.6,2025-03-10 14:19:13.014926
283,432,32,96.6,17.78,2025-04-19 14:19:13.014928
284,166,32,2.47,78.46,2025-03-27 14:19:13.014930
285,159,42,48.63,81.75,2025-04-21 14:19:13.014932
286,14,32,34.0,90.26,2025-04-13 14:19:13.014933
287,373,26,45.46,60.43,2025-04-07 14:19:13.014935
288,225,1,57.5,107.29,2025-04-20 14:19:13.014937
289,73,42,44.12,112.36,2025-04-16 14:19:13.014939
290,249,2,42.07,96.88,2025-02-27 14:19:13.014940
291,91,17,73.54,76.27,2025-04-18 14:19:13.014942
292,216,30,68.9,36.45,2025-02-23 14:19:13.014944
293,461,39,83.49,117.95,2025-03-18 14:19:13.014947
294,90,7,25.75,32.9,2025-04-06 14:19:13.014950
295,29,27,61.34,24.32,2025-03-26 14:19:13.014953
296,435,9,58.93,53.06,2025-03-07 14:19:13.014956
297,305,22,37.6,6.82,2025-03-20 14:19:13.014959
298,427,34,49.12,117.42,2025-03-01 14:19:13.014962
299,476,46,32.06,70.61,2025-04-08 14:19:13.014965
300,220,49,15.04,66.83,2025-03-08 14:19:13.014968
301,328,1,22.17,78.7,2025-04-09 14:19:13.014982
302,215,9,11.45,59.64,2025-04-06 14:19:13.014985
303,221,20,68.62,3.85,2025-04-10 14:19:13.014988
304,389,19,66.41,73.48,2025-04-23 14:19:13.014990
305,42,36,95.11,85.94,2025-03-22 14:19:13.014992
306,135,40,73.24,50.01,2025-02-24 14:19:13.014994
307,42,45,6.15,90.88,2025-04-07 14:19:13.014996
308,164,4,88.54,27.24,2025-04-17 14:19:13.014997
309,361,9,86.4,26.55,2025-03-03 14:19:13.014998
310,283,41,44.89,19.37,2025-03-04 14:19:13.015001
311,58,22,59.0,44.64,2025-04-15 14:19:13.015002
312,302,18,97.63,101.64,2025-03-05 14:19:13.015004
313,322,12,53.7,99.35,2025-04-20 14:19:13.015005
314,25,42,90.63,45.94,2025-03-26 14:19:13.015007
315,73,43,9.22,70.69,2025-03-21 14:19:13.015008
316,373,39,19.91,86.5,2025-04-18 14:19:13.015010
317,411,9,44.63,28.94,2025-02-26 14:19:13.015011
318,129,6,58.89,20.18,2025-04-22 14:19:13.015013
319,87,19,81.81,116.65,2025-04-18 14:19:13.015016
320,330,48,98.84,74.11,2025-04-19 14:19:13.015018
321,426,47,39.5,117.77,2025-03-25 14:19:13.015021
322,436,7,5.69,40.53,2025-04-11 14:19:13.015023
323,153,16,80.32,84.36,2025-04-20 14:19:13.015026
324,182,5,60.83,26.71,2025-03-08 14:19:13.015028
325,125,16,20.66,31.34,2025-03-10 14:19:13.015031
326,67,1,49.99,61.43,2025-03-25 14:19:13.015033
327,6,37,74.49,38.35,2025-03-21 14:19:13.015036
328,125,39,77.27,20.11,2025-04-23 14:19:13.015039
329,314,19,50.46,31.55,2025-04-15 14:19:13.015041
330,326,37,31.22,4.29,2025-04-23 14:19:13.015044
331,53,17,97.4,84.53,2025-03-29 14:19:13.015045
332,66,26,66.67,59.05,2025-04-23 14:19:13.015047
333,314,22,41.42,11.31,2025-03-30 14:19:13.015048
334,82,8,28.77,20.6,2025-03-19 14:19:13.015050
335,87,33,73.38,12.3,2025-04-02 14:19:13.015051
336,2,2,24.98,73.51,2025-03-26 14:19:13.015053
337,204,30,18.0,11.31,2025-02-27 14:19:13.015054
338,150,47,53.45,90.51,2025-04-12 14:19:13.015056
339,293,20,29.71,2.46,2025-04-01 14:19:13.015057
340,404,18,63.26,29.93,2025-03-04 14:19:13.015059
341,103,43,12.68,106.88,2025-03-20 14:19:13.015060
342,24,10,65.84,86.22,2025-04-18 14:19:13.015062
343,368,24,29.05,8.76,2025-04-03 14:19:13.015063
344,212,4,1.02,98.54,2025-02-23 14:19:13.015065
345,65,37,13.57,59.16,2025-04-08 14:19:13.015066
346,449,4,93.43,101.61,2025-03-27 14:19:13.015068
347,209,13,86.87,72.09,2025-04-07 14:19:13.015069
348,251,25,24.13,81.82,2025-03-24 14:19:13.015071
349,385,13,78.06,119.22,2025-03-09 14:19:13.015072
350,117,18,61.25,27.88,2025-04-19 14:19:13.015074
351,116,24,97.12,74.87,2025-02-25 14:19:13.015075
352,237,2,37.99,55.24,2025-03-18 14:19:13.015077
353,478,48,68.46,4.73,2025-04-01 14:19:13.015078
354,105,33,7.29,1.74,2025-03-02 14:19:13.015081
355,495,19,40.23,14.31,2025-04-03 14:19:13.015082
356,259,9,96.42,77.89,2025-04-15 14:19:13.015084
357,46,28,54.36,68.06,2025-03-26 14:19:13.015085
358,311,35,29.5,66.41,2025-03-18 14:19:13.015087
359,331,39,12.91,3.82,2025-03-24 14:19:13.015088
360,216,10,70.65,56.32,2025-04-16 14:19:13.015090
361,470,1,64.84,110.95,2025-03-26 14:19:13.015091
362,448,42,38.02,47.71,2025-04-11 14:19:13.015093
363,492,21,95.14,74.99,2025-02-26 14:19:13.015094
364,301,9,3.2,93.58,2025-03-08 14:19:13.015096
365,410,47,31.07,94.07,2025-04-06 14:19:13.015097
366,333,15,92.19,62.31,2025-03-26 14:19:13.015099
367,449,35,32.77,102.95,2025-04-24 14:19:13.015100
368,24,5,25.97,46.97,2025-04-04 14:19:13.015102
369,458,41,53.89,106.64,2025-04-12 14:19:13.015103
370,35,22,82.56,28.83,2025-04-09 14:19:13.015105
371,24,41,11.21,33.63,2025-03-30 14:19:13.015106
372,28,23,94.36,6.37,2025-04-13 14:19:13.015108
373,484,7,79.71,95.47,2025-04-19 14:19:13.015109
374,464,23,18.94,50.05,2025-03-26 14:19:13.015110
375,488,44,71.49,27.49,2025-04-13 14:19:13.015112
376,16,25,39.11,27.81,2025-03-31 14:19:13.015113
377,59,27,40.83,108.17,2025-03-06 14:19:13.015115
378,465,41,78.55,100.07,2025-04-06 14:19:13.015117
379,243,6,96.32,66.42,2025-04-06 14:19:13.015118
380,438,34,13.54,73.93,2025-03-16 14:19:13.015120
381,207,9,42.64,56.92,2025-02-26 14:19:13.015121
382,400,49,48.61,47.0,2025-04-01 14:19:13.015123
383,271,33,38.25,109.86,2025-04-18 14:19:13.015124
384,249,6,36.96,15.07,2025-03-07 14:19:13.015126
385,482,37,6.17,50.21,2025-03-26 14:19:13.015127
386,267,31,68.87,41.35,2025-02-28 14:19:13.015129
387,193,34,44.19,59.78,2025-03-23 14:19:13.015130
388,335,41,20.28,54.92,2025-02-25 14:19:13.015132
389,218,29,81.79,62.27,2025-03-21 14:19:13.015133
390,115,14,80.45,16.79,2025-03-05 14:19:13.015135
391,68,36,49.15,61.58,2025-02-28 14:19:13.015136
392,299,36,30.55,29.09,2025-04-14 14:19:13.015138
393,325,15,64.17,22.12,2025-03-07 14:19:13.015139
394,483,8,29.53,7.78,2025-03-19 14:19:13.015141
395,397,26,24.36,91.52,2025-04-09 14:19:13.015142
396,394,36,73.32,51.29,2025-04-16 14:19:13.015144
397,75,48,4.99,75.2,2025-02-28 14:19:13.015145
398,466,21,10.38,87.31,2025-04-09 14:19:13.015147
399,482,28,1.67,81.52,2025-04-02 14:19:13.015148
400,103,4,16.14,56.46,2025-04-09 14:19:13.015150
401,297,16,7.83,46.55,2025-04-16 14:19:13.015151
402,490,22,99.58,45.12,2025-03-12 14:19:13.015155
403,178,12,29.59,76.81,2025-04-19 14:19:13.015156
404,215,16,15.78,59.38,2025-02-24 14:19:13.015158
405,455,40,24.86,101.9,2025-04-01 14:19:13.015159
406,315,38,93.68,104.96,2025-04-02 14:19:13.015161
407,39,42,52.5,20.47,2025-02-27 14:19:13.015162
408,259,37,37.12,16.35,2025-03-11 14:19:13.015164
409,204,29,87.47,75.65,2025-03-23 14:19:13.015165
410,7,18,40.1,36.15,2025-04-07 14:19:13.015167
411,49,10,34.17,2.23,2025-04-13 14:19:13.015168
412,26,42,21.52,106.64,2025-03-02 14:19:13.015170
413,161,39,38.4,27.23,2025-03-13 14:19:13.015171
414,357,18,32.35,111.51,2025-03-04 14:19:13.015173
415,176,1,68.05,86.09,2025-04-12 14:19:13.015174
416,79,39,29.67,91.52,2025-04-24 14:19:13.015176
417,2,21,58.14,24.18,2025-03-13 14:19:13.015177
418,489,1,7.52,28.1,2025-02-24 14:19:13.015179
419,383,15,19.94,62.55,2025-03-18 14:19:13.015180
420,455,4,41.33,20.65,2025-03-31 14:19:13.015182
421,416,20,93.76,36.65,2025-04-15 14:19:13.015183
422,132,10,38.35,38.58,2025-03-04 14:19:13.015185
423,276,23,66.74,19.16,2025-03-28 14:19:13.015186
424,498,41,26.25,24.62,2025-04-23 14:19:13.015188
425,117,34,13.58,94.63,2025-04-16 14:19:13.015189
426,164,46,6.8,20.06,2025-02-25 14:19:13.015191
427,288,48,31.24,3.41,2025-02-25 14:19:13.015192
428,28,33,16.61,75.52,2025-02-27 14:19:13.015194
429,333,34,18.23,117.12,2025-02-25 14:19:13.015196
430,1,39,76.32,39.75,2025-04-18 14:19:13.015197
431,188,10,2.57,14.24,2025-03-06 14:19:13.015199
432,56,20,56.22,68.45,2025-04-04 14:19:13.015200
433,35,1,38.57,108.76,2025-04-17 14:19:13.015202
434,112,13,51.15,94.09,2025-03-26 14:19:13.015203
435,286,1,56.72,74.7,2025-03-19 14:19:13.015205
436,310,5,32.02,37.81,2025-03-01 14:19:13.015206
437,36,16,30.22,65.03,2025-04-11 14:19:13.015208
438,439,15,73.61,10.95,2025-04-06 14:19:13.015209
439,217,49,87.26,81.47,2025-04-13 14:19:13.015211
440,80,28,20.07,87.01,2025-04-04 14:19:13.015212
441,314,31,10.66,115.8,2025-04-18 14:19:13.015213
442,83,23,89.88,31.25,2025-04-15 14:19:13.015215
443,65,48,35.64,2.21,2025-04-19 14:19:13.015216
444,325,45,55.58,65.47,2025-02-28 14:19:13.015218
445,128,43,36.59,84.81,2025-03-01 14:19:13.015219
446,307,17,13.45,94.85,2025-04-18 14:19:13.015221
447,22,49,59.34,23.25,2025-03-24 14:19:13.015222
448,216,34,52.99,31.41,2025-04-09 14:19:13.015224
449,107,13,21.1,61.51,2025-03-19 14:19:13.015225
450,109,14,45.74,39.67,2025-04-12 14:19:13.015227
451,372,11,79.9,103.26,2025-03-13 14:19:13.015228
452,357,28,59.45,56.85,2025-03-21 14:19:13.015230
453,181,42,10.59,95.95,2025-03-23 14:19:13.015232
454,356,32,55.25,69.67,2025-04-13 14:19:13.015233
455,164,35,70.57,92.77,2025-02-27 14:19:13.015235
456,68,31,79.48,39.92,2025-03-25 14:19:13.015236
457,292,17,63.28,99.77,2025-03-03 14:19:13.015238
458,180,47,16.11,32.95,2025-04-08 14:19:13.015241
459,181,9,71.31,65.53,2025-04-07 14:19:13.015242
460,466,10,68.06,25.68,2025-04-18 14:19:13.015244
461,434,8,3.42,57.06,2025-03-18 14:19:13.015245
462,464,21,41.76,38.18,2025-03-14 14:19:13.015247
463,169,13,33.96,32.0,2025-03-31 14:19:13.015248
464,402,50,67.27,116.04,2025-03-27 14:19:13.015250
465,22,5,22.4,19.21,2025-04-03 14:19:13.015251
466,66,6,59.5,94.48,2025-04-04 14:19:13.015253
467,21,30,91.41,118.1,2025-04-22 14:19:13.015254
468,100,31,79.98,2.39,2025-03-05 14:19:13.015256
469,384,17,92.22,83.88,2025-04-13 14:19:13.015257
470,300,11,97.87,30.35,2025-04-21 14:19:13.015259
471,103,20,2.06,4.86,2025-03-11 14:19:13.015260
472,47,48,62.65,48.35,2025-03-30 14:19:13.015262
473,39,9,41.87,112.23,2025-04-08 14:19:13.015263
474,285,2,86.13,1.41,2025-03-16 14:19:13.015265
475,310,37,25.93,70.55,2025-04-08 14:19:13.015266
476,90,1,98.12,60.17,2025-04-02 14:19:13.015268
477,85,4,61.76,104.81,2025-04-11 14:19:13.015269
478,273,36,79.56,10.08,2025-04-07 14:19:13.015271
479,336,25,9.47,81.78,2025-03-19 14:19:13.015272
480,188,3,19.16,81.61,2025-03-04 14:19:13.015275
481,159,9,76.08,80.29,2025-03-01 14:19:13.015277
482,243,22,3.18,113.08,2025-04-03 14:19:13.015280
483,73,23,81.87,98.77,2025-04-11 14:19:13.015283
484,479,12,2.38,5.04,2025-04-10 14:19:13.015285
485,462,10,66.05,56.53,2025-04-18 14:19:13.015288
486,49,34,37.14,47.75,2025-04-01 14:19:13.015290
487,101,43,61.54,37.22,2025-03-04 14:19:13.015292
488,2,10,69.91,54.16,2025-02-25 14:19:13.015295
489,244,30,34.91,46.1,2025-04-19 14:19:13.015297
490,176,22,11.69,51.88,2025-03-11 14:19:13.015300
491,238,6,7.89,117.51,2025-03-05 14:19:13.015302
492,398,50,59.3,10.64,2025-02-28 14:19:13.015305
493,59,2,52.54,110.67,2025-04-16 14:19:13.015307
494,353,30,74.48,57.63,2025-04-14 14:19:13.015309
495,99,2,51.46,74.85,2025-03-17 14:19:13.015312
496,442,32,42.82,99.62,2025-04-22 14:19:13.015314
497,359,42,40.41,43.26,2025-03-30 14:19:13.015317
498,442,16,3.62,51.65,2025-03-24 14:19:13.015319
499,495,12,34.22,49.14,2025-03-03 14:19:13.015322
500,435,1,97.63,44.97,2025-04-04 14:19:13.015324
501,468,8,87.48,111.06,2025-04-07 14:19:13.015325
502,2,48,33.61,99.47,2025-03-07 14:19:13.015327
503,243,50,59.19,13.08,2025-02-26 14:19:13.015328
504,297,13,84.88,12.97,2025-03-17 14:19:13.015330
505,211,15,44.69,51.34,2025-03-15 14:19:13.015331
506,123,44,2.78,11.84,2025-04-02 14:19:13.015333
507,229,8,8.38,74.29,2025-03-04 14:19:13.015334
508,82,10,51.53,17.24,2025-04-13 14:19:13.015336
509,144,46,96.97,62.68,2025-03-24 14:19:13.015337
510,388,5,69.63,0.87,2025-04-13 14:19:13.015339
511,140,50,8.02,37.99,2025-04-08 14:19:13.015340
512,29,19,19.75,81.26,2025-03-28 14:19:13.015342
513,391,47,77.36,58.08,2025-03-07 14:19:13.015344
514,270,38,84.3,117.39,2025-04-03 14:19:13.015345
515,247,11,62.15,104.89,2025-03-29 14:19:13.015347
516,12,43,64.8,43.09,2025-04-03 14:19:13.015348
517,355,20,3.81,5.46,2025-04-13 14:19:13.015350
518,389,20,83.02,101.48,2025-03-06 14:19:13.015351
519,337,21,79.04,109.35,2025-02-24 14:19:13.015353
520,106,18,26.64,98.48,2025-04-24 14:19:13.015354
521,32,50,71.16,15.35,2025-03-02 14:19:13.015355
522,74,10,22.27,119.75,2025-03-01 14:19:13.015357
523,171,34,4.99,31.03,2025-03-30 14:19:13.015359
524,337,26,20.91,86.9,2025-03-05 14:19:13.015360
525,69,30,18.68,108.96,2025-03-11 14:19:13.015362
526,301,9,34.44,28.28,2025-02-24 14:19:13.015363
527,362,46,42.43,108.99,2025-04-15 14:19:13.015365
528,137,31,51.35,37.14,2025-02-24 14:19:13.015367
529,433,42,48.2,117.17,2025-04-22 14:19:13.015368
530,417,4,27.8,33.75,2025-04-14 14:19:13.015370
531,484,6,3.89,114.41,2025-04-03 14:19:13.015371
532,100,14,60.91,6.43,2025-03-04 14:19:13.015373
533,146,4,40.18,85.11,2025-03-02 14:19:13.015374
534,9,26,30.57,63.85,2025-03-25 14:19:13.015376
535,62,47,86.83,57.35,2025-03-15 14:19:13.015377
536,185,48,74.93,26.82,2025-04-15 14:19:13.015379
537,29,39,85.92,84.67,2025-03-04 14:19:13.015380
538,381,17,50.0,22.9,2025-04-19 14:19:13.015382
539,114,19,13.96,66.34,2025-04-19 14:19:13.015383
540,462,49,69.93,30.39,2025-04-12 14:19:13.015385
541,409,6,21.4,114.67,2025-03-29 14:19:13.015386
542,143,29,44.68,3.44,2025-04-21 14:19:13.015388
543,390,11,7.44,23.97,2025-03-14 14:19:13.015389
544,120,16,82.71,29.08,2025-03-25 14:19:13.015391
545,170,30,13.47,49.69,2025-03-07 14:19:13.015392
546,157,25,90.41,27.93,2025-04-15 14:19:13.015394
547,335,40,86.56,58.96,2025-03-03 14:19:13.015395
548,349,11,46.99,104.7,2025-03-26 14:19:13.015397
549,260,7,74.69,85.45,2025-04-23 14:19:13.015398
550,82,26,62.33,69.6,2025-02-27 14:19:13.015400
551,242,22,80.5,10.68,2025-03-09 14:19:13.015401
552,441,25,43.75,83.28,2025-04-24 14:19:13.015403
553,433,19,78.8,19.97,2025-03-24 14:19:13.015404
554,172,31,46.78,94.36,2025-03-23 14:19:13.015406
555,231,26,94.16,30.01,2025-03-01 14:19:13.015407
556,208,42,49.15,50.05,2025-03-03 14:19:13.015409
557,75,41,46.8,42.06,2025-04-09 14:19:13.015410
558,270,36,78.72,103.06,2025-04-14 14:19:13.015412
559,387,23,82.34,15.19,2025-03-03 14:19:13.015413
560,499,47,55.89,67.88,2025-04-13 14:19:13.015415
561,114,13,18.8,17.05,2025-03-11 14:19:13.015416
562,62,25,47.31,84.58,2025-03-25 14:19:13.015418
563,362,2,96.84,108.61,2025-04-21 14:19:13.015419
564,320,2,75.55,52.15,2025-04-16 14:19:13.015421
565,102,16,81.31,58.57,2025-02-26 14:19:13.015422
566,429,9,4.25,111.29,2025-02-23 14:19:13.015424
567,362,28,47.32,62.52,2025-03-27 14:19:13.015425
568,210,13,65.02,58.51,2025-03-02 14:19:13.015427
569,442,35,83.17,69.4,2025-03-30 14:19:13.015428
570,255,41,5.88,82.71,2025-04-06 14:19:13.015431
571,20,13,85.39,12.83,2025-04-13 14:19:13.015433
572,58,31,55.29,98.53,2025-04-14 14:19:13.015436
573,112,21,20.53,52.26,2025-04-14 14:19:13.015439
574,473,32,32.41,8.68,2025-04-01 14:19:13.015441
575,313,34,28.91,94.34,2025-04-20 14:19:13.015444
576,486,8,53.56,45.23,2025-04-22 14:19:13.015446
577,461,41,6.12,12.04,2025-04-14 14:19:13.015449
578,196,48,16.7,76.05,2025-03-21 14:19:13.015452
579,375,2,81.46,105.62,2025-04-06 14:19:13.015454
580,462,38,14.13,106.53,2025-04-08 14:19:13.015457
581,353,32,24.11,114.92,2025-04-04 14:19:13.015460
582,92,40,45.88,104.12,2025-03-11 14:19:13.015462
583,52,28,52.19,0.26,2025-04-13 14:19:13.015464
584,293,37,76.6,45.63,2025-03-08 14:19:13.015467
585,8,41,45.29,98.23,2025-03-31 14:19:13.015469
586,300,1,79.2,43.95,2025-03-10 14:19:13.015472
587,98,41,62.22,72.19,2025-02-23 14:19:13.015474
588,236,10,12.2,72.76,2025-03-10 14:19:13.015477
589,389,4,16.48,43.8,2025-04-15 14:19:13.015480
590,374,35,44.27,108.54,2025-04-21 14:19:13.015482
591,69,10,40.29,60.39,2025-03-20 14:19:13.015484
592,415,47,74.61,55.77,2025-03-12 14:19:13.015487
593,45,11,58.49,119.7,2025-03-21 14:19:13.015489
594,137,14,39.43,59.22,2025-02-28 14:19:13.015494
595,234,38,17.91,21.41,2025-03-01 14:19:13.015497
596,32,12,23.46,61.57,2025-03-03 14:19:13.015500
597,289,45,57.97,97.68,2025-04-02 14:19:13.015502
598,126,17,42.92,93.22,2025-04-19 14:19:13.015505
599,67,16,51.98,94.63,2025-02-26 14:19:13.015508
600,30,35,17.9,84.96,2025-03-16 14:19:13.015511
601,114,2,66.63,30.51,2025-03-21 14:19:13.015513
602,204,11,85.4,103.45,2025-03-31 14:19:13.015514
603,29,41,26.54,107.21,2025-04-19 14:19:13.015516
604,131,3,49.66,23.3,2025-03-18 14:19:13.015517
605,474,29,97.58,15.65,2025-03-23 14:19:13.015519
606,185,18,33.99,117.07,2025-04-02 14:19:13.015520
607,253,20,59.91,104.2,2025-04-13 14:19:13.015522
608,286,47,9.93,107.19,2025-03-26 14:19:13.015523
609,393,14,61.0,106.37,2025-04-07 14:19:13.015525
610,410,34,9.87,65.0,2025-04-14 14:19:13.015526
611,386,49,95.96,77.57,2025-04-19 14:19:13.015528
612,62,31,71.85,65.44,2025-04-15 14:19:13.015529
613,3,40,79.03,6.14,2025-04-05 14:19:13.015531
614,430,42,70.71,89.46,2025-04-23 14:19:13.015532
615,68,18,59.38,60.64,2025-04-12 14:19:13.015533
616,25,30,45.54,77.73,2025-03-16 14:19:13.015535
617,179,25,85.98,60.32,2025-04-08 14:19:13.015537
618,141,19,95.73,59.02,2025-03-25 14:19:13.015538
619,231,8,50.4,20.61,2025-04-15 14:19:13.015540
620,300,28,93.22,33.45,2025-03-12 14:19:13.015541
621,163,8,58.75,19.06,2025-03-13 14:19:13.015543
622,311,31,54.3,23.48,2025-04-12 14:19:13.015544
623,471,3,45.99,116.76,2025-04-22 14:19:13.015546
624,393,3,21.72,18.37,2025-03-17 14:19:13.015547
625,130,44,1.37,32.31,2025-04-02 14:19:13.015548
626,445,22,24.91,70.87,2025-03-23 14:19:13.015550
627,246,17,51.46,73.22,2025-04-05 14:19:13.015551
628,297,36,38.62,18.48,2025-03-23 14:19:13.015553
629,172,17,45.4,95.25,2025-03-23 14:19:13.015555
630,64,14,98.08,94.22,2025-04-22 14:19:13.015556
631,31,9,35.68,28.48,2025-03-16 14:19:13.015558
632,492,30,45.77,34.64,2025-02-27 14:19:13.015559
633,47,21,14.22,112.56,2025-04-17 14:19:13.015561
634,130,12,5.75,99.08,2025-02-24 14:19:13.015562
635,352,37,77.77,83.74,2025-03-01 14:19:13.015564
636,466,32,57.5,9.87,2025-03-27 14:19:13.015565
637,333,11,76.31,50.19,2025-03-07 14:19:13.015567
638,110,20,15.84,67.12,2025-03-07 14:19:13.015568
639,69,35,57.61,22.49,2025-04-09 14:19:13.015570
640,58,47,26.11,53.79,2025-03-26 14:19:13.015571
641,106,46,23.58,72.12,2025-03-03 14:19:13.015573
642,300,11,2.14,39.29,2025-04-06 14:19:13.015574
643,330,8,13.9,93.71,2025-03-29 14:19:13.015576
644,256,4,31.62,100.85,2025-04-07 14:19:13.015577
645,312,27,12.57,38.83,2025-03-23 14:19:13.015579
646,171,44,98.6,100.64,2025-03-03 14:19:13.015580
647,383,40,31.55,12.43,2025-03-30 14:19:13.015582
648,473,38,13.9,100.53,2025-03-15 14:19:13.015584
649,162,47,20.71,18.33,2025-02-27 14:19:13.015585
650,485,30,59.18,9.95,2025-04-22 14:19:13.015587
651,286,44,7.34,77.01,2025-03-21 14:19:13.015588
652,71,48,86.38,56.63,2025-03-26 14:19:13.015590
653,255,48,96.19,108.95,2025-03-14 14:19:13.015591
654,454,27,25.43,43.58,2025-03-08 14:19:13.015593
655,374,21,45.56,34.46,2025-03-31 14:19:13.015594
656,55,20,3.19,60.09,2025-04-16 14:19:13.015596
657,323,4,64.43,54.71,2025-03-06 14:19:13.015597
658,397,11,41.98,41.33,2025-03-10 14:19:13.015599
659,3,13,27.74,83.25,2025-03-30 14:19:13.015600
660,26,9,21.48,91.15,2025-02-28 14:19:13.015602
661,313,4,65.75,102.36,2025-03-28 14:19:13.015603
662,126,12,42.21,116.74,2025-03-01 14:19:13.015605
663,408,9,18.79,32.0,2025-03-19 14:19:13.015606
664,53,13,69.22,85.93,2025-04-01 14:19:13.015608
665,198,48,56.94,47.31,2025-03-01 14:19:13.015609
666,299,26,86.01,81.25,2025-04-24 14:19:13.015611
667,188,38,12.63,57.12,2025-03-11 14:19:13.015612
668,186,42,78.78,119.25,2025-03-25 14:19:13.015614
669,305,13,67.68,87.47,2025-03-04 14:19:13.015615
670,298,39,12.39,114.3,2025-04-09 14:19:13.015617
671,204,28,69.79,100.2,2025-03-22 14:19:13.015618
672,497,19,44.71,108.35,2025-03-05 14:19:13.015620
673,484,24,94.55,97.73,2025-04-14 14:19:13.015621
674,450,19,15.02,55.1,2025-04-14 14:19:13.015623
675,11,49,64.64,30.21,2025-04-19 14:19:13.015625
676,359,13,38.82,44.44,2025-04-02 14:19:13.015626
677,354,13,95.72,2.43,2025-03-04 14:19:13.015627
678,474,28,33.67,62.88,2025-03-14 14:19:13.015629
679,146,2,96.26,60.61,2025-03-15 14:19:13.015631
680,85,10,90.25,63.03,2025-03-17 14:19:13.015632
681,100,22,27.77,116.88,2025-04-04 14:19:13.015634
682,104,13,80.55,109.37,2025-03-01 14:19:13.015635
683,436,9,99.56,19.41,2025-04-07 14:19:13.015637
684,46,33,26.01,44.27,2025-03-15 14:19:13.015638
685,44,14,44.24,50.87,2025-03-24 14:19:13.015640
686,278,48,52.5,43.26,2025-03-18 14:19:13.015641
687,181,20,30.2,95.82,2025-03-18 14:19:13.015643
688,187,15,2.51,62.88,2025-03-13 14:19:13.015644
689,478,32,22.79,68.65,2025-03-19 14:19:13.015646
690,114,33,28.91,102.36,2025-03-23 14:19:13.015647
691,491,17,44.92,96.71,2025-04-13 14:19:13.015649
692,255,24,17.94,15.87,2025-02-24 14:19:13.015650
693,381,30,87.45,85.67,2025-04-01 14:19:13.015652
694,380,13,70.79,52.25,2025-03-09 14:19:13.015653
695,30,47,9.43,35.36,2025-04-04 14:19:13.015655
696,264,48,65.36,6.0,2025-03-21 14:19:13.015656
697,98,16,65.71,58.47,2025-03-30 14:19:13.015658
698,313,2,95.67,42.65,2025-04-06 14:19:13.015659
699,367,17,1.3,30.18,2025-03-01 14:19:13.015661
700,329,32,25.55,83.36,2025-03-28 14:19:13.015662
701,115,43,92.85,92.34,2025-03-15 14:19:13.015664
702,276,8,93.28,29.37,2025-03-11 14:19:13.015665
703,488,3,72.34,5.93,2025-03-15 14:19:13.015667
704,281,12,76.81,101.85,2025-04-04 14:19:13.015668
705,275,20,10.06,1.2,2025-04-03 14:19:13.015671
706,261,16,51.87,112.45,2025-03-28 14:19:13.015673
707,331,14,23.93,75.31,2025-03-18 14:19:13.015676
708,207,16,18.94,38.62,2025-03-11 14:19:13.015679
709,384,49,81.22,29.58,2025-03-19 14:19:13.015681
710,328,43,14.37,1.08,2025-03-27 14:19:13.015684
711,211,49,47.4,28.26,2025-03-11 14:19:13.015686
712,215,33,93.92,16.53,2025-03-10 14:19:13.015689
713,411,30,19.4,73.46,2025-04-07 14:19:13.015691
714,40,12,97.82,19.99,2025-04-22 14:19:13.015694
715,480,15,99.43,63.44,2025-03-21 14:19:13.015696
716,26,18,56.01,70.81,2025-03-16 14:19:13.015699
717,27,28,17.84,35.77,2025-03-22 14:19:13.015701
718,190,23,32.29,4.21,2025-04-03 14:19:13.015704
719,83,14,43.02,4.47,2025-03-09 14:19:13.015707
720,384,30,31.62,3.16,2025-04-14 14:19:13.015709
721,434,33,28.78,88.69,2025-03-07 14:19:13.015711
722,170,45,97.25,38.16,2025-03-02 14:19:13.015712
723,413,15,16.18,95.56,2025-03-23 14:19:13.015714
724,167,7,73.6,51.81,2025-03-27 14:19:13.015715
725,188,15,1.04,54.36,2025-03-10 14:19:13.015717
726,169,42,60.02,61.55,2025-04-03 14:19:13.015718
727,289,46,91.68,85.56,2025-04-11 14:19:13.015720
728,467,38,29.51,32.82,2025-04-03 14:19:13.015721
729,229,46,19.37,14.59,2025-03-29 14:19:13.015723
730,467,44,65.52,66.73,2025-03-26 14:19:13.015724
731,97,11,71.55,39.24,2025-03-30 14:19:13.015726
732,367,29,69.12,53.1,2025-04-03 14:19:13.015728
733,16,31,32.61,77.63,2025-03-11 14:19:13.015730
734,279,25,25.97,59.3,2025-04-03 14:19:13.015733
735,135,24,95.64,74.43,2025-03-07 14:19:13.015736
736,26,19,92.41,65.3,2025-03-07 14:19:13.015738
737,352,2,46.27,88.78,2025-03-24 14:19:13.015741
738,12,22,84.77,84.71,2025-03-17 14:19:13.015743
739,72,20,45.78,64.1,2025-04-17 14:19:13.015746
740,133,33,43.01,81.47,2025-04-12 14:19:13.015749
741,106,8,16.52,104.83,2025-04-17 14:19:13.015751
742,220,25,43.21,51.87,2025-02-27 14:19:13.015754
743,373,46,54.2,49.53,2025-03-07 14:19:13.015756
744,453,9,3.23,91.71,2025-03-31 14:19:13.015760
745,177,34,44.97,69.91,2025-03-22 14:19:13.015762
746,282,23,78.35,8.52,2025-03-11 14:19:13.015765
747,133,5,68.32,107.05,2025-03-10 14:19:13.015768
748,22,25,63.88,3.69,2025-03-28 14:19:13.015770
749,463,8,91.05,89.81,2025-03-23 14:19:13.015772
750,269,16,2.79,91.06,2025-03-11 14:19:13.015774
751,412,48,56.15,114.37,2025-04-14 14:19:13.015775
752,161,45,78.95,6.5,2025-04-05 14:19:13.015777
753,107,15,54.59,71.62,2025-03-04 14:19:13.015778
754,279,1,33.07,51.34,2025-04-16 14:19:13.015780
755,353,22,14.49,39.68,2025-03-21 14:19:13.015781
756,235,3,88.87,10.84,2025-02-25 14:19:13.015783
757,18,38,47.61,67.52,2025-02-23 14:19:13.015784
758,242,14,87.93,57.48,2025-03-05 14:19:13.015786
759,117,36,59.0,12.55,2025-04-18 14:19:13.015787
760,286,18,67.75,73.5,2025-04-15 14:19:13.015789
761,282,47,80.62,88.55,2025-04-02 14:19:13.015790
762,144,41,66.26,92.07,2025-03-31 14:19:13.015794
763,205,18,40.41,108.64,2025-03-21 14:19:13.015796
764,39,3,51.85,49.14,2025-03-23 14:19:13.015798
765,417,10,80.5,114.37,2025-03-05 14:19:13.015799
766,154,49,37.99,103.85,2025-04-21 14:19:13.015801
767,176,39,39.42,35.58,2025-03-20 14:19:13.015802
768,449,47,10.47,19.11,2025-03-02 14:19:13.015804
769,241,1,91.54,52.25,2025-03-14 14:19:13.015805
770,422,27,10.01,48.23,2025-04-17 14:19:13.015807
771,386,27,65.17,69.09,2025-03-15 14:19:13.015808
772,369,11,41.91,70.01,2025-04-08 14:19:13.015810
773,134,49,41.16,90.0,2025-03-03 14:19:13.015811
774,46,5,68.28,61.19,2025-03-19 14:19:13.015813
775,50,7,7.64,12.58,2025-03-23 14:19:13.015814
776,166,19,59.78,102.99,2025-03-10 14:19:13.015816
777,106,29,77.43,37.17,2025-04-12 14:19:13.015818
778,216,15,82.99,116.56,2025-03-01 14:19:13.015819
779,146,35,17.88,14.14,2025-03-08 14:19:13.015821
780,411,47,89.84,114.99,2025-04-04 14:19:13.015822
781,425,37,65.96,10.92,2025-04-17 14:19:13.015824
782,72,12,88.3,27.72,2025-04-08 14:19:13.015825
783,476,30,49.04,5.59,2025-03-03 14:19:13.015827
784,330,20,54.66,84.61,2025-04-01 14:19:13.015828
785,273,37,91.98,102.04,2025-04-16 14:19:13.015830
786,247,3,90.09,52.09,2025-04-23 14:19:13.015831
787,446,9,45.37,111.42,2025-04-07 14:19:13.015833
788,413,41,28.17,70.84,2025-03-18 14:19:13.015834
789,186,39,39.92,75.6,2025-03-19 14:19:13.015836
790,70,26,39.39,101.45,2025-03-15 14:19:13.015837
791,462,2,29.4,35.62,2025-03-10 14:19:13.015839
792,150,23,27.59,42.51,2025-03-19 14:19:13.015840
793,246,23,86.25,108.71,2025-04-04 14:19:13.015842
794,262,21,7.92,108.12,2025-03-01 14:19:13.015843
795,26,16,68.08,117.18,2025-04-05 14:19:13.015845
796,423,9,18.11,108.22,2025-02-28 14:19:13.015846
797,140,13,35.11,15.28,2025-04-15 14:19:13.015848
798,99,28,7.09,98.85,2025-04-03 14:19:13.015849
799,398,27,27.73,49.18,2025-03-09 14:19:13.015851
800,278,17,77.07,118.9,2025-02-23 14:19:13.015852
801,51,38,88.62,56.67,2025-04-05 14:19:13.015854
802,151,36,22.93,66.46,2025-02-28 14:19:13.015855
803,432,1,46.89,63.57,2025-03-04 14:19:13.015857
804,455,18,47.56,38.61,2025-04-04 14:19:13.015858
805,104,9,87.48,9.0,2025-04-07 14:19:13.015860
806,434,13,76.52,107.48,2025-04-18 14:19:13.015861
807,89,40,51.79,96.32,2025-03-04 14:19:13.015863
808,141,45,67.4,16.74,2025-03-17 14:19:13.015864
809,213,15,84.89,93.21,2025-03-02 14:19:13.015866
810,233,43,1.94,75.1,2025-04-16 14:19:13.015867
811,394,44,40.89,49.1,2025-03-15 14:19:13.015869
812,183,46,90.82,30.48,2025-03-18 14:19:13.015870
813,251,4,74.29,103.17,2025-03-21 14:19:13.015872
814,9,33,54.74,84.02,2025-03-25 14:19:13.015873
815,79,24,53.43,65.73,2025-03-11 14:19:13.015875
816,52,36,35.43,73.15,2025-04-07 14:19:13.015876
817,386,41,52.53,10.93,2025-03-10 14:19:13.015878
818,409,10,65.88,56.87,2025-04-09 14:19:13.015879
819,269,36,42.42,23.24,2025-03-03 14:19:13.015881
820,226,20,71.7,25.01,2025-02-25 14:19:13.015882
821,51,41,86.26,79.36,2025-03-03 14:19:13.015884
822,186,45,16.31,109.35,2025-02-27 14:19:13.015885
823,34,44,45.7,48.45,2025-03-28 14:19:13.015887
824,291,11,41.39,24.93,2025-03-09 14:19:13.015888
825,230,12,69.06,77.85,2025-03-24 14:19:13.015890
826,131,18,25.74,104.54,2025-03-15 14:19:13.015891
827,490,30,64.38,89.8,2025-02-25 14:19:13.015893
828,120,44,87.87,104.25,2025-04-02 14:19:13.015894
829,443,48,42.4,64.39,2025-04-23 14:19:13.015896
830,326,37,91.19,90.23,2025-02-28 14:19:13.015897
831,247,20,99.32,16.81,2025-02-27 14:19:13.015899
832,432,25,11.5,41.79,2025-02-24 14:19:13.015900
833,192,12,24.07,46.75,2025-04-10 14:19:13.015902
834,497,21,95.09,61.36,2025-03-07 14:19:13.015903
835,403,25,95.87,111.49,2025-03-31 14:19:13.015905
836,323,11,10.67,104.92,2025-03-21 14:19:13.015906
837,210,9,2.48,16.14,2025-03-13 14:19:13.015908
838,103,50,16.95,20.73,2025-04-02 14:19:13.015910
839,329,25,99.61,42.92,2025-03-05 14:19:13.015911
840,372,35,18.82,34.89,2025-02-27 14:19:13.015912
841,460,32,50.75,73.77,2025-03-09 14:19:13.015914
842,133,49,84.99,108.33,2025-04-24 14:19:13.015916
843,323,14,3.02,115.47,2025-04-12 14:19:13.015917
844,139,1,60.84,78.43,2025-04-13 14:19:13.015919
845,121,17,28.43,100.58,2025-03-06 14:19:13.015920
846,94,25,86.37,63.02,2025-03-06 14:19:13.015922
847,452,8,29.06,25.0,2025-02-23 14:19:13.015923
848,453,5,68.99,62.96,2025-04-17 14:19:13.015925
849,129,5,67.75,66.61,2025-04-09 14:19:13.015926
850,91,41,22.93,89.09,2025-03-09 14:19:13.015928
851,92,35,4.45,26.39,2025-04-18 14:19:13.015929
852,63,19,41.52,44.2,2025-03-01 14:19:13.015931
853,29,23,29.63,43.68,2025-04-14 14:19:13.015932
854,210,9,81.09,115.13,2025-04-07 14:19:13.015934
855,12,30,80.24,53.27,2025-04-08 14:19:13.015935
856,333,50,46.25,90.61,2025-03-10 14:19:13.015937
857,297,16,61.04,90.1,2025-04-01 14:19:13.015938
858,130,33,60.82,31.87,2025-03-07 14:19:13.015940
859,293,2,82.89,68.62,2025-03-06 14:19:13.015941
860,173,14,43.08,107.32,2025-04-15 14:19:13.015943
861,208,46,28.27,57.02,2025-04-02 14:19:13.015944
862,432,1,27.24,113.41,2025-03-29 14:19:13.015967
863,24,26,54.08,25.73,2025-03-01 14:19:13.015969
864,99,25,45.47,8.9,2025-02-23 14:19:13.015971
865,406,16,44.57,106.97,2025-03-12 14:19:13.015972
866,356,15,10.02,101.72,2025-03-12 14:19:13.015974
867,139,26,72.14,119.11,2025-03-18 14:19:13.015975
868,314,47,22.16,81.53,2025-02-23 14:19:13.015977
869,174,44,20.5,112.4,2025-03-23 14:19:13.015978
870,29,16,41.86,99.23,2025-04-15 14:19:13.015980
871,419,14,23.55,101.33,2025-04-24 14:19:13.015981
872,496,29,58.8,68.3,2025-03-10 14:19:13.015983
873,143,24,37.77,45.88,2025-04-19 14:19:13.015984
874,316,47,45.44,112.15,2025-03-21 14:19:13.015986
875,351,15,54.18,51.85,2025-02-26 14:19:13.015987
876,42,19,21.15,64.66,2025-03-24 14:19:13.015989
877,489,8,16.42,53.53,2025-03-01 14:19:13.015990
878,299,34,88.16,67.78,2025-03-20 14:19:13.015992
879,208,2,43.94,56.46,2025-02-28 14:19:13.015994
880,330,27,41.8,5.76,2025-04-01 14:19:13.015995
881,433,10,4.53,105.85,2025-03-20 14:19:13.015997
882,192,35,50.3,53.33,2025-03-19 14:19:13.015998
883,160,23,55.86,70.67,2025-03-05 14:19:13.016000
884,64,49,56.33,16.7,2025-04-23 14:19:13.016001
885,243,8,71.0,0.41,2025-03-28 14:19:13.016003
886,258,28,18.57,29.43,2025-03-25 14:19:13.016004
887,152,23,25.97,84.55,2025-04-12 14:19:13.016006
888,215,4,81.26,11.9,2025-04-14 14:19:13.016007
889,322,14,94.77,109.07,2025-03-24 14:19:13.016009
890,166,42,14.46,25.8,2025-03-20 14:19:13.016010
891,31,29,50.27,24.55,2025-03-11 14:19:13.016012
892,371,1,22.2,21.78,2025-04-13 14:19:13.016013
893,232,4,6.95,1.68,2025-04-24 14:19:13.016015
894,282,32,33.22,92.62,2025-04-01 14:19:13.016016
895,29,33,15.23,105.0,2025-04-01 14:19:13.016017
896,195,49,71.28,73.7,2025-04-03 14:19:13.016019
897,334,26,53.84,22.58,2025-04-14 14:19:13.016021
898,256,17,15.24,34.23,2025-03-10 14:19:13.016024
899,281,39,1.91,57.11,2025-03-11 14:19:13.016026
900,304,23,81.01,114.52,2025-02-24 14:19:13.016029
901,321,32,18.44,29.68,2025-04-19 14:19:13.016032
902,437,15,61.02,87.8,2025-03-26 14:19:13.016034
903,323,13,34.36,52.73,2025-04-19 14:19:13.016037
904,346,2,58.96,35.74,2025-04-13 14:19:13.016039
905,402,19,32.25,54.71,2025-04-01 14:19:13.016042
906,393,24,9.61,8.54,2025-04-02 14:19:13.016045
907,294,45,23.07,95.84,2025-04-07 14:19:13.016047
908,87,24,19.62,29.2,2025-03-10 14:19:13.016050
909,149,11,43.37,87.05,2025-04-18 14:19:13.016052
910,249,22,66.17,8.2,2025-03-02 14:19:13.016053
911,321,15,27.12,114.61,2025-04-17 14:19:13.016055
912,405,10,2.19,23.16,2025-03-23 14:19:13.016056
913,283,41,52.37,105.93,2025-02-23 14:19:13.016058
914,362,27,60.97,97.14,2025-03-03 14:19:13.016059
915,379,9,96.32,116.14,2025-04-22 14:19:13.016061
916,198,28,59.36,57.35,2025-03-18 14:19:13.016062
917,44,1,47.65,87.29,2025-04-21 14:19:13.016064
918,356,17,57.77,44.49,2025-04-02 14:19:13.016065
919,28,31,92.86,22.12,2025-03-18 14:19:13.016067
920,429,44,83.01,53.17,2025-03-19 14:19:13.016068
921,17,10,32.97,19.89,2025-04-21 14:19:13.016070
922,127,37,24.49,117.85,2025-04-10 14:19:13.016071
923,379,29,27.0,11.55,2025-03-23 14:19:13.016073
924,168,18,50.94,70.71,2025-03-13 14:19:13.016074
925,244,47,74.66,75.18,2025-03-15 14:19:13.016076
926,387,38,50.82,64.57,2025-04-12 14:19:13.016077
927,76,39,7.71,79.46,2025-04-22 14:19:13.016079
928,231,49,72.63,13.94,2025-02-23 14:19:13.016080
929,204,6,80.79,66.6,2025-04-19 14:19:13.016082
930,450,40,29.66,34.47,2025-04-15 14:19:13.016084
931,248,12,66.75,112.82,2025-03-16 14:19:13.016085
932,302,14,43.23,91.45,2025-03-07 14:19:13.016087
933,214,44,89.02,116.7,2025-03-28 14:19:13.016088
934,215,10,84.68,4.51,2025-03-06 14:19:13.016090
935,158,20,53.02,34.22,2025-04-22 14:19:13.016091
936,69,15,69.46,23.45,2025-03-15 14:19:13.016093
937,393,31,88.45,1.34,2025-04-18 14:19:13.016094
938,85,7,50.08,29.08,2025-03-04 14:19:13.016096
939,267,41,32.01,81.45,2025-03-21 14:19:13.016097
940,69,10,75.61,27.73,2025-03-05 14:19:13.016099
941,99,10,22.79,61.08,2025-03-30 14:19:13.016100
942,347,48,39.46,106.54,2025-03-31 14:19:13.016102
943,497,39,86.71,83.25,2025-03-06 14:19:13.016104
944,450,28,72.72,47.36,2025-03-15 14:19:13.016107
945,216,30,40.98,44.7,2025-02-26 14:19:13.016110
946,415,37,22.26,54.69,2025-02-27 14:19:13.016112
947,161,3,36.24,21.24,2025-03-11 14:19:13.016115
948,423,50,29.13,76.08,2025-04-13 14:19:13.016118
949,94,43,18.43,43.7,2025-03-25 14:19:13.016120
950,174,15,74.59,102.28,2025-03-03 14:19:13.016123
951,165,21,25.95,90.79,2025-02-23 14:19:13.016125
952,115,37,45.96,73.26,2025-03-18 14:19:13.016128
953,220,12,39.2,43.7,2025-04-12 14:19:13.016131
954,444,4,98.23,25.19,2025-03-18 14:19:13.016133
955,31,47,39.72,93.14,2025-03-04 14:19:13.016136
956,11,9,8.92,58.37,2025-04-19 14:19:13.016137
957,343,39,9.89,26.97,2025-04-02 14:19:13.016139
958,377,42,59.48,23.42,2025-04-16 14:19:13.016140
959,130,28,60.34,19.85,2025-03-06 14:19:13.016142
960,488,23,42.46,93.26,2025-03-18 14:19:13.016143
961,105,45,43.75,27.48,2025-04-13 14:19:13.016145
962,27,40,6.34,63.2,2025-04-08 14:19:13.016146
963,227,44,52.14,54.19,2025-04-21 14:19:13.016147
964,2,22,50.97,69.55,2025-03-29 14:19:13.016149
965,359,24,15.81,105.26,2025-03-28 14:19:13.016151
966,101,26,11.28,104.13,2025-03-09 14:19:13.016153
967,21,30,13.23,54.13,2025-03-24 14:19:13.016154
968,58,33,11.0,1.84,2025-02-23 14:19:13.016156
969,389,16,61.36,51.17,2025-04-17 14:19:13.016157
970,180,22,20.45,72.74,2025-03-16 14:19:13.016159
971,429,49,25.89,66.93,2025-03-27 14:19:13.016160
972,341,50,18.18,78.16,2025-04-24 14:19:13.016162
973,349,43,95.83,18.49,2025-04-17 14:19:13.016163
974,20,18,85.61,77.58,2025-03-12 14:19:13.016167
975,255,7,23.82,21.92,2025-03-20 14:19:13.016168
976,317,50,33.43,90.06,2025-04-20 14:19:13.016170
977,38,26,21.78,40.69,2025-04-04 14:19:13.016171
978,148,8,49.7,85.19,2025-02-25 14:19:13.016173
979,498,6,2.94,5.74,2025-02-23 14:19:13.016175
980,25,30,67.47,48.94,2025-03-26 14:19:13.016176
981,386,39,52.79,84.6,2025-03-10 14:19:13.016178
982,121,23,89.97,27.22,2025-03-15 14:19:13.016179
983,416,32,17.27,95.43,2025-03-03 14:19:13.016181
984,26,22,80.61,75.69,2025-04-02 14:19:13.016182
985,454,42,79.4,70.51,2025-02-26 14:19:13.016184
986,169,43,13.59,42.43,2025-02-25 14:19:13.016186
987,323,45,40.46,57.89,2025-03-15 14:19:13.016187
988,225,9,17.85,71.68,2025-04-14 14:19:13.016189
989,1,31,26.22,56.7,2025-04-01 14:19:13.016190
990,307,7,27.06,83.8,2025-03-24 14:19:13.016191
991,261,9,56.07,52.04,2025-03-25 14:19:13.016193
992,13,13,41.73,24.27,2025-04-23 14:19:13.016195
993,403,3,94.83,25.67,2025-04-22 14:19:13.016196
994,396,35,13.51,0.7,2025-03-16 14:19:13.016197
995,48,33,97.4,36.11,2025-03-01 14:19:13.016199
996,409,21,23.83,89.87,2025-03-23 14:19:13.016200
997,313,31,77.51,95.3,2025-03-07 14:19:13.016202
998,371,34,34.56,24.3,2025-04-22 14:19:13.016204
999,291,32,15.17,115.09,2025-04-06 14:19:13.016205
1000,332,35,85.93,60.29,2025-04-12 14:19:13.016206
1001,94,15,31.58,110.04,2025-03-21 14:19:13.016208
1002,261,32,66.23,84.81,2025-04-17 14:19:13.016209
1003,482,6,57.08,86.69,2025-03-05 14:19:13.016211
1004,278,45,47.7,10.21,2025-03-23 14:19:13.016212
1005,359,21,50.09,26.4,2025-03-19 14:19:13.016214
1006,205,33,73.49,1.06,2025-03-26 14:19:13.016216
1007,185,32,9.69,85.94,2025-03-13 14:19:13.016217
1008,175,19,67.15,41.33,2025-04-01 14:19:13.016219
1009,438,33,89.69,94.4,2025-04-19 14:19:13.016220
1010,387,28,6.72,40.67,2025-04-10 14:19:13.016222
1011,380,31,14.92,98.32,2025-03-10 14:19:13.016223
1012,309,21,71.95,15.68,2025-04-20 14:19:13.016225
1013,468,34,44.29,20.8,2025-04-09 14:19:13.016226
1014,415,15,40.95,40.91,2025-04-11 14:19:13.016228
1015,69,14,14.56,49.02,2025-03-04 14:19:13.016229
1016,472,19,51.17,41.84,2025-03-31 14:19:13.016231
1017,104,43,13.53,91.64,2025-04-04 14:19:13.016232
1018,246,15,48.19,11.63,2025-04-20 14:19:13.016234
1019,161,6,76.6,42.15,2025-04-03 14:19:13.016235
1020,200,9,26.57,100.47,2025-04-22 14:19:13.016236
1021,216,37,48.6,8.02,2025-04-15 14:19:13.016238
1022,434,20,99.21,113.08,2025-04-22 14:19:13.016240
1023,212,34,68.98,118.36,2025-03-02 14:19:13.016241
1024,16,38,84.29,10.63,2025-04-05 14:19:13.016243
1025,498,26,42.07,34.95,2025-03-26 14:19:13.016244
1026,372,18,77.02,44.69,2025-04-02 14:19:13.016246
1027,332,28,5.01,93.17,2025-03-14 14:19:13.016247
1028,205,9,13.17,71.51,2025-03-30 14:19:13.016249
1029,365,32,21.1,77.32,2025-02-25 14:19:13.016250
1030,490,6,40.79,90.9,2025-04-21 14:19:13.016252
1031,39,14,84.73,14.16,2025-04-17 14:19:13.016253
1032,89,28,35.28,99.99,2025-03-10 14:19:13.016255
1033,430,24,65.81,84.67,2025-03-25 14:19:13.016256
1034,256,13,71.22,69.28,2025-03-06 14:19:13.016258
1035,480,43,59.03,106.77,2025-03-11 14:19:13.016259
1036,254,12,36.37,84.04,2025-02-24 14:19:13.016261
1037,216,19,58.13,24.2,2025-02-27 14:19:13.016262
1038,368,21,34.88,51.57,2025-03-02 14:19:13.016264
1039,303,27,9.3,59.29,2025-04-16 14:19:13.016265
1040,172,19,99.29,6.63,2025-03-23 14:19:13.016267
1041,137,24,13.59,114.56,2025-03-19 14:19:13.016268
1042,488,26,8.16,15.43,2025-04-10 14:19:13.016270
1043,498,45,87.97,83.7,2025-04-17 14:19:13.016271
1044,471,28,30.88,60.75,2025-03-12 14:19:13.016273
1045,384,46,65.38,3.08,2025-02-28 14:19:13.016274
1046,178,18,33.57,110.97,2025-03-05 14:19:13.016276
1047,77,44,39.75,102.22,2025-04-07 14:19:13.016277
1048,188,36,26.95,62.91,2025-03-02 14:19:13.016279
1049,480,42,34.96,27.47,2025-04-14 14:19:13.016280
1050,498,29,41.66,14.59,2025-03-30 14:19:13.016282
1051,15,17,72.32,43.61,2025-03-01 14:19:13.016283
1052,292,4,51.64,30.65,2025-03-22 14:19:13.016285
1053,497,44,94.41,60.8,2025-02-25 14:19:13.016286
1054,319,45,5.15,115.97,2025-03-06 14:19:13.016288
1055,325,29,50.8,68.99,2025-04-03 14:19:13.016289
1056,214,4,58.84,106.79,2025-04-15 14:19:13.016291
1057,208,10,92.1,78.11,2025-03-31 14:19:13.016292
1058,169,25,5.87,57.03,2025-03-08 14:19:13.016294
1059,330,31,57.78,102.55,2025-03-21 14:19:13.016295
1060,280,3,85.51,56.56,2025-03-09 14:19:13.016297
1061,466,47,24.95,104.24,2025-02-27 14:19:13.016298
1062,305,2,87.75,34.99,2025-03-04 14:19:13.016300
1063,146,25,2.89,15.46,2025-03-06 14:19:13.016301
1064,263,49,73.51,102.64,2025-04-16 14:19:13.016303
1065,4,6,93.38,70.49,2025-03-09 14:19:13.016304
1066,90,26,66.06,106.69,2025-04-18 14:19:13.016306
1067,453,8,44.46,112.54,2025-03-08 14:19:13.016307
1068,60,35,5.44,6.44,2025-03-31 14:19:13.016309
1069,311,27,92.09,60.12,2025-04-23 14:19:13.016310
1070,16,25,47.56,45.0,2025-04-13 14:19:13.016312
1071,227,18,3.87,75.1,2025-03-26 14:19:13.016314
1072,474,1,69.29,95.23,2025-04-23 14:19:13.016315
1073,466,48,48.7,33.67,2025-03-04 14:19:13.016316
1074,29,39,13.31,66.82,2025-03-11 14:19:13.016318
1075,151,3,22.21,85.05,2025-04-16 14:19:13.016319
1076,245,4,7.38,16.13,2025-04-02 14:19:13.016321
1077,270,41,57.86,97.69,2025-03-20 14:19:13.016323
1078,79,37,62.58,72.73,2025-03-02 14:19:13.016325
1079,433,15,51.07,113.94,2025-02-24 14:19:13.016326
1080,289,8,81.89,40.74,2025-03-21 14:19:13.016328
1081,153,38,86.24,12.98,2025-03-12 14:19:13.016329
1082,277,50,61.95,60.78,2025-02-28 14:19:13.016331
1083,401,19,2.26,10.3,2025-03-08 14:19:13.016332
1084,279,47,69.83,116.34,2025-02-24 14:19:13.016334
1085,57,26,42.38,4.64,2025-04-05 14:19:13.016336
1086,491,39,56.99,90.42,2025-02-26 14:19:13.016337
1087,465,10,65.26,63.01,2025-04-02 14:19:13.016339
1088,186,38,35.67,44.23,2025-03-17 14:19:13.016340
1089,398,14,91.79,7.9,2025-04-06 14:19:13.016342
1090,93,49,14.26,74.66,2025-04-09 14:19:13.016343
1091,276,41,67.48,70.23,2025-04-20 14:19:13.016345
1092,158,19,1.43,33.71,2025-03-09 14:19:13.016346
1093,275,30,92.54,109.23,2025-04-04 14:19:13.016348
1094,181,5,12.14,36.49,2025-04-03 14:19:13.016351
1095,359,31,10.39,53.97,2025-04-23 14:19:13.016353
1096,440,7,33.97,65.25,2025-04-02 14:19:13.016356
1097,77,19,37.98,12.03,2025-03-14 14:19:13.016358
1098,466,31,22.22,111.86,2025-03-02 14:19:13.016362
1099,151,39,58.93,44.94,2025-03-23 14:19:13.016364
1100,446,24,44.85,9.69,2025-04-09 14:19:13.016367
1101,238,34,4.38,46.47,2025-03-02 14:19:13.016370
1102,289,23,32.65,72.02,2025-03-14 14:19:13.016373
1103,231,48,81.23,61.64,2025-03-29 14:19:13.016376
1104,488,45,69.28,83.35,2025-04-10 14:19:13.016392
1105,18,40,72.76,6.66,2025-03-13 14:19:13.016394
1106,73,6,70.11,34.14,2025-04-24 14:19:13.016395
1107,417,38,31.79,98.31,2025-03-04 14:19:13.016397
1108,416,41,10.87,9.59,2025-03-15 14:19:13.016398
1109,189,36,27.97,102.66,2025-03-15 14:19:13.016400
1110,438,27,83.35,11.03,2025-03-24 14:19:13.016401
1111,17,11,98.07,100.13,2025-03-15 14:19:13.016403
1112,19,5,49.89,43.29,2025-03-25 14:19:13.016404
1113,219,17,1.96,73.47,2025-03-20 14:19:13.016406
1114,326,7,14.86,18.35,2025-04-17 14:19:13.016408
1115,483,27,32.89,7.94,2025-03-14 14:19:13.016409
1116,120,47,58.28,25.91,2025-04-11 14:19:13.016410
1117,101,15,8.43,15.34,2025-04-11 14:19:13.016412
1118,34,46,94.39,37.49,2025-03-16 14:19:13.016413
1119,84,13,37.14,61.73,2025-03-10 14:19:13.016415
1120,409,11,91.35,70.65,2025-04-08 14:19:13.016416
1121,196,45,78.27,94.78,2025-04-02 14:19:13.016418
1122,330,26,75.79,78.75,2025-03-11 14:19:13.016419
1123,202,22,61.07,73.05,2025-03-02 14:19:13.016421
1124,344,28,63.05,49.41,2025-04-23 14:19:13.016422
1125,341,24,64.16,56.86,2025-04-16 14:19:13.016424
1126,11,29,63.24,49.74,2025-04-22 14:19:13.016425
1127,347,9,55.82,101.06,2025-02-28 14:19:13.016427
1128,400,42,98.65,27.6,2025-03-04 14:19:13.016428
1129,218,4,73.5,0.69,2025-03-26 14:19:13.016430
1130,445,49,77.92,78.16,2025-04-22 14:19:13.016431
1131,253,46,87.37,24.3,2025-03-19 14:19:13.016433
1132,222,18,22.35,106.81,2025-02-26 14:19:13.016434
1133,383,43,9.3,103.09,2025-02-23 14:19:13.016436
1134,369,16,48.81,9.21,2025-03-09 14:19:13.016437
1135,80,33,51.89,12.77,2025-03-13 14:19:13.016439
1136,7,29,83.09,59.42,2025-03-17 14:19:13.016440
1137,272,39,44.93,73.11,2025-04-13 14:19:13.016442
1138,227,10,57.51,32.99,2025-02-26 14:19:13.016443
1139,16,9,53.18,86.02,2025-02-28 14:19:13.016445
1140,424,31,4.78,71.39,2025-04-20 14:19:13.016446
1141,12,28,61.91,38.98,2025-03-04 14:19:13.016448
1142,291,3,82.98,3.04,2025-03-08 14:19:13.016449
1143,241,14,16.59,90.02,2025-03-06 14:19:13.016451
1144,21,25,59.84,25.77,2025-04-23 14:19:13.016452
1145,178,15,59.77,100.14,2025-04-11 14:19:13.016454
1146,427,2,17.25,50.43,2025-04-18 14:19:13.016455
1147,228,24,13.22,69.25,2025-04-06 14:19:13.016457
1148,496,14,98.03,104.75,2025-04-15 14:19:13.016458
1149,273,48,39.98,103.63,2025-03-29 14:19:13.016460
1150,288,7,23.51,44.58,2025-04-17 14:19:13.016461
1151,297,36,17.96,25.07,2025-03-11 14:19:13.016463
1152,134,50,67.09,93.02,2025-03-29 14:19:13.016464
1153,472,24,61.34,51.97,2025-04-21 14:19:13.016466
1154,283,27,64.71,23.05,2025-04-09 14:19:13.016467
1155,404,37,9.71,108.53,2025-02-26 14:19:13.016469
1156,153,38,89.46,23.77,2025-03-16 14:19:13.016470
1157,66,30,39.54,3.1,2025-02-23 14:19:13.016472
1158,137,27,32.02,2.43,2025-04-23 14:19:13.016473
1159,92,39,46.77,74.68,2025-03-26 14:19:13.016475
1160,437,15,39.62,79.4,2025-03-06 14:19:13.016476
1161,317,26,86.49,37.33,2025-03-13 14:19:13.016478
1162,422,1,93.0,38.4,2025-02-23 14:19:13.016479
1163,259,4,31.04,40.74,2025-03-12 14:19:13.016481
1164,468,29,86.53,81.62,2025-04-17 14:19:13.016482
1165,454,1,78.37,6.98,2025-02-27 14:19:13.016484
1166,103,43,93.15,111.49,2025-03-09 14:19:13.016485
1167,481,50,25.33,26.7,2025-02-23 14:19:13.016487
1168,55,46,58.12,119.96,2025-04-04 14:19:13.016489
1169,257,22,28.18,20.58,2025-04-23 14:19:13.016490
1170,101,11,82.59,92.59,2025-03-25 14:19:13.016491
1171,198,10,1.53,26.81,2025-04-13 14:19:13.016493
1172,301,17,56.92,9.7,2025-04-02 14:19:13.016494
1173,226,36,34.58,104.99,2025-02-25 14:19:13.016496
1174,431,47,32.95,103.05,2025-04-21 14:19:13.016497
1175,463,26,64.85,48.43,2025-03-07 14:19:13.016499
1176,237,48,85.3,84.29,2025-03-13 14:19:13.016500
1177,26,21,61.31,66.85,2025-04-16 14:19:13.016502
1178,121,13,85.46,102.35,2025-04-10 14:19:13.016505
1179,398,9,27.2,37.81,2025-04-08 14:19:13.016506
1180,182,11,52.43,62.84,2025-04-02 14:19:13.016508
1181,199,11,45.6,58.24,2025-04-08 14:19:13.016509
1182,302,6,2.15,42.47,2025-04-20 14:19:13.016510
1183,255,1,56.12,106.97,2025-04-20 14:19:13.016512
1184,122,6,66.49,19.91,2025-04-03 14:19:13.016514
1185,31,13,59.6,17.94,2025-03-14 14:19:13.016515
1186,472,22,73.89,69.23,2025-03-11 14:19:13.016517
1187,315,31,57.56,78.9,2025-02-28 14:19:13.016518
1188,479,22,7.61,23.35,2025-03-23 14:19:13.016520
1189,285,37,12.53,46.89,2025-03-06 14:19:13.016521
1190,106,47,60.05,113.59,2025-04-06 14:19:13.016523
1191,224,27,28.22,29.59,2025-04-16 14:19:13.016524
1192,273,50,8.88,80.2,2025-04-12 14:19:13.016526
1193,398,14,43.53,88.82,2025-03-14 14:19:13.016527
1194,232,47,55.88,53.78,2025-04-09 14:19:13.016529
1195,420,5,33.55,112.5,2025-04-04 14:19:13.016530
1196,256,36,72.32,88.4,2025-03-09 14:19:13.016532
1197,442,32,64.73,54.95,2025-04-18 14:19:13.016533
1198,496,34,33.95,68.32,2025-04-22 14:19:13.016536
1199,24,7,75.73,83.11,2025-02-27 14:19:13.016538
1200,109,42,65.22,71.06,2025-02-23 14:19:13.016541
1201,191,48,64.11,105.44,2025-02-28 14:19:13.016544
1202,347,10,55.79,42.83,2025-03-28 14:19:13.016546
1203,25,50,2.13,35.99,2025-02-25 14:19:13.016549
1204,187,17,69.95,25.66,2025-03-16 14:19:13.016552
1205,288,30,38.23,4.53,2025-03-07 14:19:13.016554
1206,116,21,94.32,5.16,2025-04-01 14:19:13.016557
1207,338,13,81.98,104.41,2025-03-25 14:19:13.016559
1208,366,1,59.18,81.41,2025-03-19 14:19:13.016562
1209,402,1,25.97,79.26,2025-04-19 14:19:13.016564
1210,37,47,21.17,73.76,2025-03-10 14:19:13.016567
1211,282,33,34.7,101.91,2025-04-14 14:19:13.016569
1212,137,38,48.18,57.63,2025-03-05 14:19:13.016572
1213,227,25,30.31,104.45,2025-04-11 14:19:13.016579
1214,320,26,51.98,43.13,2025-04-05 14:19:13.016582
1215,328,13,17.37,111.2,2025-04-15 14:19:13.016584
1216,404,28,97.79,83.84,2025-03-07 14:19:13.016587
1217,182,33,11.68,30.86,2025-03-27 14:19:13.016590
1218,362,37,93.26,67.69,2025-04-06 14:19:13.016592
1219,86,41,91.44,63.96,2025-03-29 14:19:13.016595
1220,467,30,53.01,16.55,2025-03-18 14:19:13.016596
1221,414,49,72.77,70.95,2025-03-06 14:19:13.016598
1222,53,48,44.17,37.77,2025-04-17 14:19:13.016599
1223,348,8,63.37,6.28,2025-03-29 14:19:13.016601
1224,355,49,34.72,113.84,2025-03-29 14:19:13.016602
1225,235,47,30.81,76.98,2025-03-29 14:19:13.016604
1226,447,1,58.24,105.23,2025-03-31 14:19:13.016605
1227,267,12,50.31,81.13,2025-04-15 14:19:13.016607
1228,287,5,58.37,42.84,2025-04-24 14:19:13.016608
1229,433,24,29.38,61.52,2025-04-07 14:19:13.016610
1230,496,6,37.33,81.09,2025-03-12 14:19:13.016611
1231,487,25,9.31,115.23,2025-04-20 14:19:13.016613
1232,100,1,6.18,30.44,2025-03-06 14:19:13.016614
1233,478,25,26.09,105.0,2025-04-12 14:19:13.016616
1234,87,1,8.35,110.89,2025-04-01 14:19:13.016617
1235,403,32,11.27,80.45,2025-03-05 14:19:13.016619
1236,396,42,81.48,111.75,2025-04-21 14:19:13.016620
1237,15,42,4.85,47.75,2025-03-23 14:19:13.016622
1238,415,3,66.24,114.36,2025-04-20 14:19:13.016623
1239,427,49,27.98,84.33,2025-03-22 14:19:13.016625
1240,101,19,87.28,5.04,2025-03-10 14:19:13.016626
1241,165,43,49.01,108.82,2025-04-11 14:19:13.016628
1242,463,29,31.25,58.14,2025-04-08 14:19:13.016629
1243,29,50,52.25,55.24,2025-04-21 14:19:13.016631
1244,114,2,38.81,67.98,2025-03-08 14:19:13.016632
1245,107,9,56.87,17.93,2025-03-03 14:19:13.016634
1246,410,17,12.34,56.3,2025-04-04 14:19:13.016650
1247,364,46,99.7,99.74,2025-03-28 14:19:13.016652
1248,130,36,43.13,1.86,2025-03-07 14:19:13.016653
1249,84,17,35.47,32.75,2025-04-22 14:19:13.016655
1250,271,49,71.31,0.29,2025-03-01 14:19:13.016656
1251,244,12,37.03,49.89,2025-02-27 14:19:13.016658
1252,388,20,83.49,87.4,2025-04-15 14:19:13.016659
1253,214,50,45.97,95.85,2025-03-20 14:19:13.016661
1254,306,3,72.24,113.42,2025-04-19 14:19:13.016662
1255,166,43,11.64,73.02,2025-03-26 14:19:13.016664
1256,279,50,84.77,30.56,2025-03-09 14:19:13.016665
1257,59,4,73.84,110.9,2025-03-13 14:19:13.016666
1258,90,17,21.96,93.04,2025-03-26 14:19:13.016668
1259,371,50,15.38,68.93,2025-03-14 14:19:13.016669
1260,331,37,32.31,83.48,2025-03-27 14:19:13.016671
1261,412,46,97.63,110.92,2025-04-08 14:19:13.016673
1262,194,42,26.43,85.49,2025-03-05 14:19:13.016674
1263,123,15,46.16,44.2,2025-02-23 14:19:13.016676
1264,136,33,3.97,85.56,2025-03-29 14:19:13.016677
1265,413,16,40.33,4.83,2025-03-25 14:19:13.016679
1266,139,11,57.56,46.37,2025-03-29 14:19:13.016680
1267,229,20,95.36,48.76,2025-03-14 14:19:13.016682
1268,274,38,52.16,20.02,2025-04-14 14:19:13.016683
1269,439,24,82.09,2.77,2025-03-20 14:19:13.016685
1270,50,16,55.17,16.01,2025-04-08 14:19:13.016686
1271,398,30,5.04,78.55,2025-03-11 14:19:13.016688
1272,118,34,32.19,96.27,2025-03-22 14:19:13.016690
1273,202,1,57.98,118.58,2025-04-02 14:19:13.016691
1274,483,24,95.11,41.56,2025-04-06 14:19:13.016692
1275,393,24,86.05,71.93,2025-03-16 14:19:13.016694
1276,483,9,23.61,112.46,2025-04-22 14:19:13.016695
1277,395,22,22.79,20.05,2025-04-13 14:19:13.016697
1278,191,12,20.92,86.12,2025-03-15 14:19:13.016699
1279,364,17,92.33,90.6,2025-03-19 14:19:13.016700
1280,460,25,85.41,10.68,2025-04-08 14:19:13.016702
1281,323,28,77.71,103.35,2025-04-23 14:19:13.016703
1282,181,15,39.88,97.57,2025-02-24 14:19:13.016705
1283,423,30,50.93,4.01,2025-04-21 14:19:13.016706
1284,78,27,46.97,10.93,2025-02-24 14:19:13.016708
1285,440,22,26.09,5.9,2025-04-09 14:19:13.016709
1286,412,10,51.0,40.17,2025-02-28 14:19:13.016711
1287,75,31,4.02,61.11,2025-03-17 14:19:13.016712
1288,295,27,14.05,63.88,2025-03-11 14:19:13.016714
1289,281,12,88.77,32.12,2025-04-03 14:19:13.016715
1290,21,46,75.42,109.39,2025-02-28 14:19:13.016717
1291,394,31,42.86,44.19,2025-04-09 14:19:13.016718
1292,171,32,52.2,5.47,2025-03-01 14:19:13.016720
1293,15,32,37.63,36.03,2025-02-28 14:19:13.016721
1294,211,41,74.34,63.73,2025-03-03 14:19:13.016723
1295,48,45,78.63,48.99,2025-04-19 14:19:13.016724
1296,86,35,76.57,32.86,2025-04-05 14:19:13.016726
1297,149,46,72.54,15.76,2025-02-27 14:19:13.016727
1298,188,21,21.25,98.3,2025-03-27 14:19:13.016729
1299,372,10,34.46,119.54,2025-03-14 14:19:13.016730
1300,492,16,47.51,39.55,2025-04-16 14:19:13.016732
1301,480,7,33.75,45.79,2025-03-21 14:19:13.016733
1302,306,4,75.74,74.16,2025-03-17 14:19:13.016734
1303,151,27,33.61,86.21,2025-03-09 14:19:13.016736
1304,141,25,14.68,47.04,2025-04-16 14:19:13.016738
1305,69,31,40.51,108.59,2025-03-16 14:19:13.016739
1306,260,11,98.01,67.2,2025-04-17 14:19:13.016741
1307,476,48,23.36,54.05,2025-03-09 14:19:13.016742
1308,334,20,61.6,77.6,2025-03-01 14:19:13.016744
1309,456,36,43.86,114.34,2025-03-31 14:19:13.016745
1310,9,17,8.03,95.35,2025-04-07 14:19:13.016747
1311,121,45,49.3,4.8,2025-04-10 14:19:13.016749
1312,371,11,70.51,39.88,2025-03-25 14:19:13.016752
1313,419,30,51.81,56.47,2025-03-23 14:19:13.016755
1314,101,35,87.34,37.74,2025-03-21 14:19:13.016757
1315,149,41,29.6,84.02,2025-03-20 14:19:13.016761
1316,442,38,9.54,99.15,2025-03-30 14:19:13.016763
1317,146,22,93.72,87.76,2025-03-06 14:19:13.016766
1318,353,43,38.44,118.72,2025-03-09 14:19:13.016768
1319,456,48,58.06,32.71,2025-04-24 14:19:13.016771
1320,243,27,79.41,105.0,2025-04-10 14:19:13.016773
1321,241,37,33.11,91.99,2025-04-22 14:19:13.016776
1322,337,46,71.9,43.46,2025-03-10 14:19:13.016779
1323,43,49,14.41,88.09,2025-03-25 14:19:13.016781
1324,95,35,29.84,12.49,2025-03-22 14:19:13.016784
1325,226,4,15.33,94.72,2025-03-05 14:19:13.016786
1326,6,16,81.31,63.88,2025-03-20 14:19:13.016788
1327,214,16,23.04,35.07,2025-04-17 14:19:13.016789
1328,206,21,72.02,78.69,2025-02-28 14:19:13.016791
1329,67,26,94.39,76.99,2025-04-08 14:19:13.016792
1330,396,36,53.25,25.14,2025-03-25 14:19:13.016794
1331,100,19,54.46,3.65,2025-03-19 14:19:13.016795
1332,12,17,46.64,52.03,2025-04-12 14:19:13.016797
1333,237,45,33.26,68.34,2025-03-29 14:19:13.016798
1334,322,26,48.09,105.19,2025-04-14 14:19:13.016800
1335,258,22,60.68,111.39,2025-04-01 14:19:13.016801
1336,399,28,98.61,63.46,2025-04-07 14:19:13.016803
1337,407,1,93.84,90.46,2025-04-16 14:19:13.016804
1338,413,44,86.35,52.72,2025-03-17 14:19:13.016806
1339,337,36,89.02,89.53,2025-04-17 14:19:13.016807
1340,480,43,47.32,24.58,2025-03-20 14:19:13.016809
1341,135,37,66.09,44.53,2025-03-08 14:19:13.016811
1342,222,2,89.61,76.11,2025-04-01 14:19:13.016814
1343,156,17,39.9,2.18,2025-04-03 14:19:13.016817
1344,142,40,96.21,86.7,2025-03-26 14:19:13.016819
1345,428,38,42.16,100.26,2025-04-09 14:19:13.016822
1346,158,21,60.51,47.9,2025-03-05 14:19:13.016824
1347,465,9,71.27,53.75,2025-04-18 14:19:13.016827
1348,416,13,95.11,102.15,2025-03-10 14:19:13.016829
1349,494,11,25.22,93.08,2025-03-12 14:19:13.016832
1350,326,16,74.87,34.58,2025-04-04 14:19:13.016835
1351,371,16,52.56,38.88,2025-04-22 14:19:13.016837
1352,344,2,27.59,81.47,2025-04-01 14:19:13.016840
1353,262,42,77.88,67.58,2025-04-17 14:19:13.016843
1354,283,44,55.67,19.47,2025-03-18 14:19:13.016846
1355,338,8,66.44,37.19,2025-03-29 14:19:13.016848
1356,344,43,32.97,108.0,2025-04-14 14:19:13.016851
1357,229,42,48.65,82.58,2025-03-25 14:19:13.016853
1358,376,13,62.12,118.32,2025-04-04 14:19:13.016855
1359,280,17,41.09,92.04,2025-02-28 14:19:13.016858
1360,358,39,20.64,113.04,2025-04-03 14:19:13.016861
1361,290,24,96.2,25.94,2025-03-17 14:19:13.016863
1362,168,3,51.64,92.58,2025-04-18 14:19:13.016866
1363,47,30,73.66,2.43,2025-04-19 14:19:13.016869
1364,463,13,41.69,80.49,2025-03-29 14:19:13.016871
1365,203,19,36.16,56.31,2025-03-20 14:19:13.016874
1366,214,7,41.31,41.61,2025-04-08 14:19:13.016878
1367,246,9,41.51,103.49,2025-03-29 14:19:13.016880
1368,24,19,54.87,102.51,2025-03-20 14:19:13.016882
1369,321,45,54.8,2.68,2025-03-14 14:19:13.016883
1370,274,40,50.22,73.14,2025-03-21 14:19:13.016885
1371,44,22,14.34,44.14,2025-03-21 14:19:13.016886
1372,332,18,50.11,49.88,2025-03-01 14:19:13.016888
1373,313,23,17.74,99.84,2025-04-23 14:19:13.016889
1374,363,2,13.49,37.18,2025-04-11 14:19:13.016891
1375,156,50,93.33,113.17,2025-03-05 14:19:13.016892
1376,488,50,60.89,21.56,2025-03-29 14:19:13.016894
1377,380,11,66.29,79.53,2025-03-07 14:19:13.016895
1378,199,31,40.78,80.65,2025-03-13 14:19:13.016897
1379,407,33,90.99,30.26,2025-04-13 14:19:13.016899
1380,469,14,64.16,38.97,2025-04-16 14:19:13.016900
1381,162,16,77.15,100.18,2025-04-22 14:19:13.016902
1382,395,11,37.49,91.42,2025-03-01 14:19:13.016903
1383,470,33,96.04,39.49,2025-03-13 14:19:13.016905
1384,234,7,82.23,64.07,2025-02-23 14:19:13.016906
1385,163,31,85.54,7.4,2025-02-26 14:19:13.016908
1386,116,48,18.05,25.05,2025-02-24 14:19:13.016909
1387,93,46,27.83,58.3,2025-03-18 14:19:13.016911
1388,42,47,29.28,10.32,2025-03-12 14:19:13.016912
1389,284,14,27.82,101.2,2025-02-27 14:19:13.016914
1390,379,28,85.69,86.16,2025-02-27 14:19:13.016915
1391,210,43,4.16,113.24,2025-04-18 14:19:13.016917
1392,206,16,8.53,83.22,2025-02-27 14:19:13.016919
1393,466,19,28.12,112.85,2025-04-17 14:19:13.016920
1394,220,17,20.79,66.54,2025-03-11 14:19:13.016921
1395,280,26,23.95,72.03,2025-02-25 14:19:13.016923
1396,136,6,80.0,117.24,2025-04-20 14:19:13.016925
1397,106,43,56.75,77.06,2025-03-15 14:19:13.016926
1398,118,49,1.57,3.69,2025-04-01 14:19:13.016928
1399,237,9,43.5,86.86,2025-03-21 14:19:13.016929
1400,309,50,41.38,108.66,2025-02-26 14:19:13.016931
1401,456,17,12.28,95.47,2025-03-14 14:19:13.016932
1402,388,31,67.94,70.06,2025-04-03 14:19:13.016934
1403,475,12,70.51,80.56,2025-02-27 14:19:13.016936
1404,100,23,72.37,118.82,2025-03-31 14:19:13.016937
1405,261,5,73.12,10.88,2025-04-07 14:19:13.016939
1406,481,43,1.01,80.07,2025-03-31 14:19:13.016965
1407,305,36,95.44,34.01,2025-04-05 14:19:13.016967
1408,354,36,81.61,76.81,2025-03-04 14:19:13.016969
1409,286,3,90.49,72.91,2025-04-08 14:19:13.016970
1410,328,24,2.55,18.41,2025-03-12 14:19:13.016972
1411,103,17,93.45,24.81,2025-02-26 14:19:13.016973
1412,63,39,81.17,74.6,2025-03-18 14:19:13.016975
1413,175,26,83.88,15.39,2025-02-24 14:19:13.016976
1414,282,4,10.24,31.82,2025-03-23 14:19:13.016978
1415,441,45,74.14,100.23,2025-04-11 14:19:13.016979
1416,293,12,96.03,39.25,2025-03-17 14:19:13.016981
1417,226,1,68.18,58.57,2025-04-03 14:19:13.016983
1418,7,21,57.49,112.94,2025-03-26 14:19:13.016984
1419,127,19,94.62,27.26,2025-02-26 14:19:13.016986
1420,424,21,44.85,46.76,2025-02-23 14:19:13.016988
1421,92,18,60.33,72.77,2025-03-20 14:19:13.016989
1422,423,43,48.16,90.64,2025-03-26 14:19:13.016991
1423,190,3,93.35,108.2,2025-03-11 14:19:13.016993
1424,359,49,8.53,109.86,2025-03-30 14:19:13.016994
1425,476,44,50.61,93.2,2025-04-23 14:19:13.016996
1426,462,32,69.01,27.4,2025-03-06 14:19:13.016997
1427,53,10,79.4,2.98,2025-03-21 14:19:13.017000
1428,242,40,58.72,46.05,2025-03-14 14:19:13.017001
1429,486,15,90.98,16.99,2025-04-24 14:19:13.017003
1430,132,5,94.26,85.25,2025-03-18 14:19:13.017004
1431,490,4,7.37,79.34,2025-03-21 14:19:13.017006
1432,466,28,40.83,5.28,2025-04-18 14:19:13.017007
1433,364,4,3.32,100.39,2025-04-11 14:19:13.017009
1434,112,15,33.61,29.85,2025-03-06 14:19:13.017010
1435,409,17,54.15,51.87,2025-03-30 14:19:13.017012
1436,7,44,91.17,80.15,2025-03-19 14:19:13.017014
1437,230,3,84.81,51.53,2025-04-06 14:19:13.017015
1438,156,10,13.62,52.95,2025-03-26 14:19:13.017017
1439,197,47,10.21,7.88,2025-03-25 14:19:13.017018
1440,323,42,59.34,48.17,2025-04-08 14:19:13.017020
1441,364,23,53.68,91.78,2025-03-20 14:19:13.017021
1442,223,18,27.37,109.82,2025-04-03 14:19:13.017023
1443,367,1,90.05,49.62,2025-04-05 14:19:13.017025
1444,490,35,92.81,50.83,2025-03-24 14:19:13.017026
1445,250,31,40.86,84.32,2025-04-18 14:19:13.017028
1446,404,44,89.14,113.13,2025-04-01 14:19:13.017029
1447,83,1,39.01,32.05,2025-03-29 14:19:13.017031
1448,240,3,73.94,52.82,2025-03-12 14:19:13.017032
1449,380,3,48.12,95.52,2025-04-20 14:19:13.017034
1450,395,37,13.14,73.16,2025-03-02 14:19:13.017035
1451,360,19,92.87,13.27,2025-03-16 14:19:13.017037
1452,323,29,45.96,75.33,2025-04-03 14:19:13.017038
1453,471,25,73.71,22.41,2025-04-17 14:19:13.017040
1454,263,33,37.35,61.23,2025-04-11 14:19:13.017041
1455,407,36,2.87,63.49,2025-03-28 14:19:13.017043
1456,189,29,10.95,105.14,2025-03-09 14:19:13.017044
1457,455,26,50.13,55.5,2025-04-05 14:19:13.017046
1458,366,4,69.31,33.53,2025-03-26 14:19:13.017047
1459,290,49,34.14,27.72,2025-03-19 14:19:13.017049
1460,362,14,69.85,104.91,2025-04-06 14:19:13.017050
1461,403,50,70.16,20.52,2025-04-02 14:19:13.017052
1462,58,27,70.69,51.1,2025-04-02 14:19:13.017053
1463,9,33,49.76,22.46,2025-03-01 14:19:13.017055
1464,304,22,91.57,92.8,2025-02-24 14:19:13.017056
1465,115,48,49.43,56.92,2025-04-14 14:19:13.017058
1466,210,3,45.58,42.14,2025-03-06 14:19:13.017059
1467,41,23,20.74,43.33,2025-04-14 14:19:13.017061
1468,304,21,31.46,102.27,2025-03-02 14:19:13.017062
1469,173,41,5.19,66.45,2025-04-01 14:19:13.017064
1470,234,23,63.72,86.14,2025-04-01 14:19:13.017065
1471,281,4,25.61,107.64,2025-03-01 14:19:13.017066
1472,372,21,31.11,108.21,2025-04-09 14:19:13.017068
1473,78,37,77.31,39.42,2025-03-24 14:19:13.017070
1474,108,43,33.39,114.29,2025-03-11 14:19:13.017071
1475,281,31,24.98,2.99,2025-04-19 14:19:13.017073
1476,403,21,17.74,45.22,2025-03-27 14:19:13.017074
1477,39,26,77.71,107.5,2025-03-20 14:19:13.017076
1478,119,41,13.84,32.96,2025-03-13 14:19:13.017078
1479,335,35,45.92,32.77,2025-03-28 14:19:13.017080
1480,336,38,51.19,36.31,2025-03-01 14:19:13.017081
1481,27,24,69.05,73.48,2025-03-16 14:19:13.017083
1482,104,11,63.7,52.6,2025-02-23 14:19:13.017084
1483,74,41,81.26,87.21,2025-04-09 14:19:13.017086
1484,191,29,5.43,107.39,2025-02-28 14:19:13.017087
1485,324,47,30.35,80.9,2025-03-20 14:19:13.017089
1486,499,3,28.73,24.54,2025-03-09 14:19:13.017090
1487,147,1,15.46,111.92,2025-04-10 14:19:13.017092
1488,255,19,29.63,31.74,2025-03-25 14:19:13.017093
1489,284,46,31.67,17.99,2025-03-25 14:19:13.017095
1490,213,49,52.67,10.8,2025-04-06 14:19:13.017097
1491,123,22,66.71,67.61,2025-03-17 14:19:13.017099
1492,495,14,38.73,13.65,2025-02-23 14:19:13.017102
1493,206,49,72.23,16.65,2025-04-16 14:19:13.017104
1494,417,14,34.28,36.0,2025-03-26 14:19:13.017107
1495,240,44,29.74,33.8,2025-04-18 14:19:13.017109
1496,394,16,54.58,72.51,2025-02-23 14:19:13.017112
1497,339,33,3.35,98.01,2025-04-15 14:19:13.017115
1498,286,13,8.9,91.36,2025-04-07 14:19:13.017117
1499,22,38,42.38,31.5,2025-02-24 14:19:13.017120
1500,259,49,94.35,29.44,2025-04-19 14:19:13.017122
1501,357,12,72.43,115.89,2025-03-31 14:19:13.017124
1502,105,38,9.72,0.99,2025-03-14 14:19:13.017126
1503,466,39,84.79,105.57,2025-03-31 14:19:13.017127
1504,459,33,73.5,23.97,2025-03-31 14:19:13.017129
1505,432,33,61.48,113.67,2025-03-08 14:19:13.017130
1506,258,29,82.21,41.08,2025-03-03 14:19:13.017132
1507,204,5,41.01,52.84,2025-04-13 14:19:13.017133
1508,310,6,22.93,84.85,2025-04-17 14:19:13.017135
1509,262,31,51.69,70.52,2025-04-18 14:19:13.017136
1510,107,16,55.34,38.15,2025-03-01 14:19:13.017138
1511,251,31,54.29,66.46,2025-03-02 14:19:13.017139
1512,424,25,56.94,87.68,2025-04-20 14:19:13.017141
1513,492,48,94.92,5.08,2025-03-30 14:19:13.017142
1514,221,46,90.32,1.34,2025-03-12 14:19:13.017144
1515,379,33,87.7,54.97,2025-04-14 14:19:13.017145
1516,222,13,80.34,15.82,2025-02-24 14:19:13.017147
1517,258,10,94.4,79.72,2025-03-03 14:19:13.017148
1518,201,24,10.75,25.69,2025-04-13 14:19:13.017150
1519,367,10,27.25,51.94,2025-02-27 14:19:13.017151
1520,258,41,50.01,23.72,2025-03-14 14:19:13.017153
1521,349,31,84.81,65.82,2025-04-17 14:19:13.017154
1522,225,13,51.01,13.93,2025-02-25 14:19:13.017156
1523,202,3,75.06,2.77,2025-03-29 14:19:13.017157
1524,226,50,14.76,6.14,2025-03-17 14:19:13.017159
1525,236,34,25.99,114.51,2025-02-26 14:19:13.017160
1526,183,49,73.45,17.07,2025-02-28 14:19:13.017162
1527,200,28,17.31,85.02,2025-04-14 14:19:13.017163
1528,357,19,35.78,8.15,2025-03-23 14:19:13.017165
1529,246,23,27.22,12.98,2025-03-17 14:19:13.017166
1530,444,45,35.64,61.07,2025-03-25 14:19:13.017168
1531,353,32,71.12,55.78,2025-03-28 14:19:13.017171
1532,111,13,37.42,114.19,2025-04-21 14:19:13.017173
1533,6,33,55.97,113.38,2025-03-22 14:19:13.017175
1534,236,34,10.89,93.55,2025-03-24 14:19:13.017176
1535,127,33,80.7,72.25,2025-03-23 14:19:13.017178
1536,104,5,37.62,54.6,2025-04-10 14:19:13.017180
1537,237,3,65.2,42.74,2025-03-01 14:19:13.017183
1538,403,7,72.81,113.65,2025-03-03 14:19:13.017191
1539,480,24,21.76,72.35,2025-03-25 14:19:13.017194
1540,155,22,88.58,69.49,2025-04-01 14:19:13.017197
1541,257,45,62.01,27.83,2025-03-05 14:19:13.017199
1542,235,23,43.44,5.6,2025-04-02 14:19:13.017202
1543,500,30,19.05,113.42,2025-04-07 14:19:13.017204
1544,289,18,94.29,37.65,2025-03-06 14:19:13.017206
1545,40,32,75.75,53.11,2025-03-17 14:19:13.017207
1546,288,7,21.59,13.76,2025-04-23 14:19:13.017209
1547,197,33,34.43,100.43,2025-04-20 14:19:13.017210
1548,273,5,81.16,3.32,2025-03-03 14:19:13.017212
1549,382,49,69.87,100.08,2025-03-05 14:19:13.017213
1550,264,28,76.81,16.83,2025-03-19 14:19:13.017215
1551,57,8,44.68,106.39,2025-03-10 14:19:13.017216
1552,298,15,71.93,87.57,2025-03-20 14:19:13.017218
1553,98,4,39.26,19.76,2025-03-23 14:19:13.017219
1554,137,34,21.92,67.9,2025-03-20 14:19:13.017221
1555,376,5,63.64,37.52,2025-03-28 14:19:13.017222
1556,87,33,97.63,21.39,2025-04-18 14:19:13.017224
1557,419,5,31.75,103.1,2025-03-24 14:19:13.017226
1558,242,38,46.64,48.42,2025-04-02 14:19:13.017227
1559,199,34,67.73,47.83,2025-03-15 14:19:13.017229
1560,463,26,54.61,20.39,2025-04-02 14:19:13.017230
1561,437,1,84.5,45.97,2025-03-09 14:19:13.017232
1562,310,4,76.41,104.59,2025-04-09 14:19:13.017233
1563,84,39,6.77,43.58,2025-03-02 14:19:13.017235
1564,242,26,99.84,114.19,2025-03-17 14:19:13.017237
1565,281,33,75.49,113.56,2025-03-27 14:19:13.017238
1566,323,33,86.53,17.39,2025-04-17 14:19:13.017240
1567,252,8,65.47,21.28,2025-03-03 14:19:13.017241
1568,190,20,85.77,103.52,2025-04-02 14:19:13.017243
1569,439,16,12.13,47.13,2025-03-16 14:19:13.017244
1570,430,21,35.43,0.52,2025-02-27 14:19:13.017246
1571,152,45,87.77,32.86,2025-04-18 14:19:13.017247
1572,482,26,20.96,71.72,2025-03-25 14:19:13.017249
1573,302,23,8.75,95.91,2025-04-08 14:19:13.017250
1574,278,18,79.02,16.01,2025-03-25 14:19:13.017252
1575,139,31,83.71,13.26,2025-03-31 14:19:13.017253
1576,176,42,17.1,110.65,2025-03-31 14:19:13.017255
1577,8,12,85.58,90.14,2025-03-05 14:19:13.017256
1578,295,1,68.99,70.77,2025-02-26 14:19:13.017258
1579,235,42,52.49,92.3,2025-04-07 14:19:13.017260
1580,163,9,83.19,51.46,2025-03-28 14:19:13.017261
1581,49,3,42.51,91.01,2025-04-20 14:19:13.017263
1582,302,26,20.21,44.62,2025-03-29 14:19:13.017264
1583,38,9,29.2,29.29,2025-03-05 14:19:13.017266
1584,136,42,51.01,87.48,2025-02-28 14:19:13.017267
1585,310,16,53.6,50.36,2025-03-04 14:19:13.017269
1586,421,24,80.75,117.77,2025-04-21 14:19:13.017270
1587,219,50,79.34,41.94,2025-03-24 14:19:13.017272
1588,348,14,58.56,110.61,2025-03-07 14:19:13.017273
1589,296,3,78.3,111.96,2025-03-18 14:19:13.017275
1590,34,34,19.99,29.02,2025-04-05 14:19:13.017276
1591,352,33,5.96,95.79,2025-03-30 14:19:13.017278
1592,79,50,87.49,51.97,2025-03-15 14:19:13.017279
1593,236,24,8.48,110.1,2025-03-27 14:19:13.017281
1594,383,9,25.42,54.01,2025-02-26 14:19:13.017282
1595,273,13,69.84,89.32,2025-04-24 14:19:13.017284
1596,161,2,41.54,56.04,2025-04-22 14:19:13.017285
1597,175,7,87.76,27.34,2025-04-22 14:19:13.017287
1598,366,48,30.5,23.92,2025-02-25 14:19:13.017288
1599,308,21,2.18,51.05,2025-04-22 14:19:13.017290
1600,374,19,30.76,90.66,2025-04-20 14:19:13.017291
1601,464,25,58.23,72.61,2025-03-21 14:19:13.017293
1602,221,47,38.22,82.64,2025-03-26 14:19:13.017294
1603,9,22,53.95,33.88,2025-03-21 14:19:13.017296
1604,289,11,87.78,57.77,2025-03-05 14:19:13.017297
1605,444,33,91.34,5.33,2025-03-09 14:19:13.017299
1606,113,32,27.33,98.1,2025-02-28 14:19:13.017300
1607,477,21,46.75,118.79,2025-02-25 14:19:13.017302
1608,205,39,55.37,48.83,2025-04-24 14:19:13.017303
1609,405,20,94.96,1.32,2025-04-12 14:19:13.017305
1610,186,8,99.86,20.38,2025-04-17 14:19:13.017306
1611,341,42,24.31,78.3,2025-03-09 14:19:13.017308
1612,197,37,72.97,73.45,2025-04-18 14:19:13.017309
1613,266,9,38.43,94.54,2025-04-21 14:19:13.017311
1614,262,25,1.8,30.47,2025-03-09 14:19:13.017312
1615,248,25,1.92,91.64,2025-04-24 14:19:13.017314
1616,115,33,46.6,82.56,2025-03-05 14:19:13.017315
1617,121,2,49.35,38.74,2025-03-21 14:19:13.017316
1618,141,19,3.23,65.46,2025-04-02 14:19:13.017318
1619,65,46,69.01,17.67,2025-03-09 14:19:13.017319
1620,276,20,30.11,54.31,2025-03-30 14:19:13.017321
1621,313,42,56.43,105.74,2025-04-14 14:19:13.017322
1622,239,41,30.79,50.54,2025-03-02 14:19:13.017324
1623,302,42,17.55,100.75,2025-03-24 14:19:13.017325
1624,392,29,41.31,70.83,2025-03-22 14:19:13.017327
1625,10,6,24.0,23.03,2025-04-07 14:19:13.017329
1626,457,17,53.95,69.73,2025-04-13 14:19:13.017330
1627,369,25,20.68,60.72,2025-02-26 14:19:13.017332
1628,233,38,51.33,47.84,2025-02-28 14:19:13.017334
1629,195,4,16.58,14.36,2025-04-10 14:19:13.017335
1630,395,30,67.43,50.01,2025-02-28 14:19:13.017337
1631,12,20,75.64,8.73,2025-03-18 14:19:13.017338
1632,394,3,11.93,11.85,2025-03-19 14:19:13.017340
1633,409,23,47.31,49.91,2025-02-24 14:19:13.017341
1634,177,18,8.02,36.65,2025-03-01 14:19:13.017343
1635,177,26,60.22,111.07,2025-04-02 14:19:13.017345
1636,217,36,27.18,45.08,2025-03-21 14:19:13.017346
1637,11,8,53.23,90.94,2025-02-25 14:19:13.017347
1638,446,17,52.23,63.63,2025-04-03 14:19:13.017349
1639,118,31,92.51,84.49,2025-03-19 14:19:13.017350
1640,164,37,55.36,31.21,2025-04-12 14:19:13.017352
1641,39,45,58.72,113.03,2025-03-11 14:19:13.017354
1642,53,33,40.76,63.61,2025-04-07 14:19:13.017355
1643,218,27,94.96,99.76,2025-03-28 14:19:13.017357
1644,206,45,77.94,43.81,2025-04-07 14:19:13.017358
1645,487,4,29.26,12.03,2025-04-01 14:19:13.017360
1646,312,22,84.58,80.85,2025-03-02 14:19:13.017361
1647,360,26,43.81,0.93,2025-04-01 14:19:13.017363
1648,385,32,83.04,57.04,2025-04-12 14:19:13.017364
1649,56,24,82.47,23.14,2025-04-13 14:19:13.017366
1650,118,46,19.7,75.29,2025-04-10 14:19:13.017367
1651,388,35,70.41,117.53,2025-04-22 14:19:13.017369
1652,253,37,29.77,55.73,2025-02-26 14:19:13.017370
1653,286,32,30.45,98.1,2025-04-05 14:19:13.017372
1654,268,7,30.34,60.93,2025-04-13 14:19:13.017373
1655,291,33,72.83,59.5,2025-02-24 14:19:13.017374
1656,333,31,23.75,111.65,2025-04-16 14:19:13.017376
1657,180,12,1.09,106.8,2025-03-13 14:19:13.017377
1658,415,11,71.81,94.3,2025-03-10 14:19:13.017379
1659,358,24,17.95,35.55,2025-02-24 14:19:13.017381
1660,235,8,11.34,65.4,2025-03-15 14:19:13.017382
1661,343,32,24.51,26.87,2025-03-18 14:19:13.017384
1662,196,38,38.61,53.27,2025-04-10 14:19:13.017385
1663,308,22,48.11,58.11,2025-03-06 14:19:13.017387
1664,80,34,5.41,99.8,2025-03-09 14:19:13.017388
1665,135,19,97.09,107.52,2025-04-20 14:19:13.017390
1666,22,20,71.89,49.75,2025-03-12 14:19:13.017391
1667,477,14,33.0,2.12,2025-04-24 14:19:13.017393
1668,331,33,32.55,103.41,2025-03-31 14:19:13.017394
1669,440,10,45.41,20.91,2025-03-20 14:19:13.017395
1670,225,16,63.0,74.63,2025-03-08 14:19:13.017397
1671,58,4,15.49,3.0,2025-04-03 14:19:13.017398
1672,93,27,19.7,47.94,2025-04-24 14:19:13.017400
1673,192,28,86.08,118.32,2025-02-28 14:19:13.017401
1674,103,43,26.37,12.08,2025-04-18 14:19:13.017403
1675,396,16,38.64,50.84,2025-03-08 14:19:13.017404
1676,7,33,87.26,36.86,2025-03-04 14:19:13.017406
1677,128,48,66.65,108.61,2025-04-01 14:19:13.017407
1678,55,19,34.83,104.32,2025-03-13 14:19:13.017410
1679,231,21,68.69,28.52,2025-04-21 14:19:13.017411
1680,362,22,2.95,9.74,2025-03-03 14:19:13.017413
1681,62,9,73.83,75.26,2025-04-19 14:19:13.017414
1682,240,9,49.21,40.36,2025-04-13 14:19:13.017416
1683,90,9,81.51,80.65,2025-04-24 14:19:13.017417
1684,232,27,95.51,3.85,2025-03-26 14:19:13.017419
1685,457,17,92.65,16.01,2025-03-11 14:19:13.017421
1686,233,44,91.02,82.36,2025-03-08 14:19:13.017423
1687,354,45,51.7,25.48,2025-03-19 14:19:13.017426
1688,493,8,36.65,102.91,2025-03-31 14:19:13.017429
1689,333,16,47.04,7.03,2025-03-05 14:19:13.017431
1690,439,18,69.3,25.86,2025-03-06 14:19:13.017434
1691,375,33,88.52,119.83,2025-02-27 14:19:13.017436
1692,292,1,21.49,51.97,2025-04-08 14:19:13.017439
1693,345,12,91.9,84.36,2025-03-08 14:19:13.017442
1694,152,6,81.7,21.92,2025-04-16 14:19:13.017444
1695,428,41,97.91,73.18,2025-04-22 14:19:13.017446
1696,145,5,88.14,87.13,2025-03-26 14:19:13.017447
1697,130,16,28.71,37.74,2025-04-21 14:19:13.017449
1698,141,18,11.49,99.47,2025-03-23 14:19:13.017450
1699,415,49,12.11,72.41,2025-04-10 14:19:13.017452
1700,93,18,29.83,46.69,2025-04-01 14:19:13.017453
1701,114,1,61.8,66.92,2025-03-18 14:19:13.017455
1702,284,19,80.63,69.21,2025-03-23 14:19:13.017456
1703,444,8,90.03,19.86,2025-04-17 14:19:13.017458
1704,411,3,62.75,48.33,2025-02-24 14:19:13.017459
1705,143,25,1.56,41.21,2025-03-10 14:19:13.017461
1706,223,5,19.45,48.11,2025-03-12 14:19:13.017462
1707,232,40,10.87,91.33,2025-03-28 14:19:13.017464
1708,463,19,36.97,57.9,2025-03-06 14:19:13.017465
1709,33,18,50.63,112.84,2025-03-24 14:19:13.017467
1710,276,50,5.3,35.24,2025-04-24 14:19:13.017468
1711,170,31,35.5,49.88,2025-02-23 14:19:13.017469
1712,140,33,18.74,94.43,2025-04-10 14:19:13.017471
1713,357,47,65.06,65.52,2025-03-01 14:19:13.017472
1714,201,18,46.96,65.64,2025-04-05 14:19:13.017474
1715,23,39,50.04,6.4,2025-02-24 14:19:13.017476
1716,456,16,43.34,47.83,2025-03-05 14:19:13.017477
1717,224,16,95.65,32.49,2025-03-25 14:19:13.017479
1718,368,47,22.26,119.92,2025-03-13 14:19:13.017480
1719,270,38,52.15,37.0,2025-03-10 14:19:13.017482
1720,347,41,73.87,106.14,2025-03-10 14:19:13.017483
1721,153,7,56.13,81.15,2025-02-27 14:19:13.017485
1722,333,14,92.97,40.91,2025-03-31 14:19:13.017486
1723,85,43,38.42,65.22,2025-04-02 14:19:13.017488
1724,109,48,46.9,100.86,2025-04-21 14:19:13.017489
1725,31,25,9.76,106.0,2025-03-07 14:19:13.017491
1726,229,32,61.29,19.25,2025-03-16 14:19:13.017492
1727,240,38,29.53,40.75,2025-03-01 14:19:13.017494
1728,378,22,16.87,40.23,2025-03-10 14:19:13.017495
1729,363,16,54.91,5.05,2025-04-16 14:19:13.017497
1730,310,29,53.7,71.79,2025-03-12 14:19:13.017498
1731,389,16,8.51,102.58,2025-03-18 14:19:13.017500
1732,141,12,70.12,45.79,2025-03-07 14:19:13.017501
1733,156,17,62.75,88.8,2025-03-03 14:19:13.017502
1734,299,37,19.71,75.32,2025-04-07 14:19:13.017504
1735,345,27,47.47,45.08,2025-03-20 14:19:13.017505
1736,371,25,72.31,16.93,2025-03-18 14:19:13.017507
1737,99,13,53.41,85.12,2025-03-14 14:19:13.017508
1738,47,8,40.15,102.55,2025-04-22 14:19:13.017510
1739,487,5,32.91,82.3,2025-04-07 14:19:13.017511
1740,327,12,61.43,2.15,2025-03-31 14:19:13.017513
1741,422,41,93.97,25.95,2025-02-24 14:19:13.017514
1742,480,3,67.5,8.34,2025-03-26 14:19:13.017516
1743,67,35,8.4,68.45,2025-04-16 14:19:13.017518
1744,62,33,46.61,90.78,2025-03-12 14:19:13.017519
1745,109,22,89.19,13.27,2025-03-14 14:19:13.017520
1746,167,50,10.35,100.6,2025-03-17 14:19:13.017522
1747,37,44,98.9,66.66,2025-04-17 14:19:13.017523
1748,119,9,94.96,82.8,2025-03-09 14:19:13.017525
1749,498,41,8.75,116.57,2025-04-16 14:19:13.017526
1750,86,18,93.41,10.04,2025-03-14 14:19:13.017528
1751,382,50,36.95,108.15,2025-04-02 14:19:13.017529
1752,392,29,84.63,15.13,2025-02-27 14:19:13.017531
1753,465,39,42.42,47.16,2025-04-06 14:19:13.017532
1754,52,27,44.64,102.17,2025-04-21 14:19:13.017534
1755,91,36,63.79,108.75,2025-03-16 14:19:13.017536
1756,289,45,77.67,60.76,2025-03-18 14:19:13.017537
1757,494,17,4.35,71.29,2025-04-22 14:19:13.017539
1758,337,34,59.72,84.98,2025-02-24 14:19:13.017540
1759,298,46,19.49,99.93,2025-03-13 14:19:13.017542
1760,204,3,35.25,14.58,2025-03-12 14:19:13.017543
1761,368,5,35.45,97.21,2025-02-24 14:19:13.017545
1762,238,14,47.44,57.75,2025-04-11 14:19:13.017546
1763,382,3,34.08,54.07,2025-04-21 14:19:13.017548
1764,155,23,11.63,50.87,2025-04-08 14:19:13.017549
1765,240,39,15.42,61.11,2025-03-19 14:19:13.017551
1766,136,30,4.31,113.41,2025-04-04 14:19:13.017552
1767,407,50,47.55,65.78,2025-02-26 14:19:13.017554
1768,362,45,95.49,114.38,2025-04-06 14:19:13.017555
1769,381,23,12.45,21.63,2025-04-05 14:19:13.017557
1770,369,27,94.68,86.9,2025-03-02 14:19:13.017558
1771,64,10,73.6,97.47,2025-04-10 14:19:13.017560
1772,123,25,64.11,81.5,2025-03-18 14:19:13.017561
1773,254,13,64.88,72.83,2025-04-07 14:19:13.017563
1774,477,16,82.85,67.78,2025-04-18 14:19:13.017564
1775,114,41,11.59,103.31,2025-03-03 14:19:13.017566
1776,20,34,50.97,98.6,2025-03-18 14:19:13.017567
1777,16,37,70.01,14.67,2025-03-22 14:19:13.017569
1778,145,22,59.1,101.83,2025-04-20 14:19:13.017571
1779,208,17,83.45,49.69,2025-03-13 14:19:13.017572
1780,19,23,8.15,30.44,2025-03-05 14:19:13.017574
1781,376,36,69.38,104.37,2025-04-21 14:19:13.017575
1782,392,49,53.87,51.84,2025-04-20 14:19:13.017577
1783,166,9,38.54,97.0,2025-04-14 14:19:13.017578
1784,38,2,34.69,31.61,2025-03-01 14:19:13.017579
1785,181,32,62.46,0.47,2025-04-09 14:19:13.017581
1786,349,50,89.21,59.46,2025-02-27 14:19:13.017582
1787,105,22,50.12,12.03,2025-04-11 14:19:13.017584
1788,100,43,82.65,90.53,2025-04-07 14:19:13.017585
1789,90,13,40.81,33.13,2025-04-11 14:19:13.017587
1790,415,8,11.14,53.24,2025-04-20 14:19:13.017591
1791,300,1,7.09,10.44,2025-04-19 14:19:13.017593
1792,444,17,6.08,34.4,2025-03-11 14:19:13.017595
1793,332,12,38.63,93.78,2025-03-08 14:19:13.017596
1794,401,4,34.39,18.19,2025-04-13 14:19:13.017598
1795,79,13,72.08,77.66,2025-04-14 14:19:13.017599
1796,73,31,74.54,110.09,2025-03-20 14:19:13.017600
1797,423,41,6.03,81.58,2025-04-18 14:19:13.017602
1798,426,7,22.89,97.32,2025-03-22 14:19:13.017603
1799,176,23,28.15,13.08,2025-02-28 14:19:13.017605
1800,396,24,55.21,30.09,2025-03-06 14:19:13.017607
1801,96,5,15.31,107.34,2025-03-11 14:19:13.017608
1802,345,5,14.26,85.81,2025-03-03 14:19:13.017610
1803,103,17,94.44,76.75,2025-04-22 14:19:13.017611
1804,402,30,80.62,79.65,2025-03-24 14:19:13.017613
1805,463,9,18.88,49.7,2025-03-14 14:19:13.017614
1806,224,6,41.25,5.35,2025-03-16 14:19:13.017616
1807,6,25,36.21,94.13,2025-02-26 14:19:13.017617
1808,122,19,79.31,81.45,2025-04-04 14:19:13.017619
1809,236,16,51.51,56.74,2025-03-20 14:19:13.017620
1810,427,21,13.66,107.97,2025-03-01 14:19:13.017622
1811,116,2,74.16,40.34,2025-03-14 14:19:13.017623
1812,163,10,40.29,35.32,2025-03-27 14:19:13.017625
1813,226,16,27.03,104.74,2025-04-01 14:19:13.017627
1814,230,37,38.17,95.64,2025-03-24 14:19:13.017628
1815,182,15,50.28,61.8,2025-04-20 14:19:13.017629
1816,249,13,34.97,15.69,2025-02-25 14:19:13.017631
1817,318,13,24.95,25.81,2025-04-17 14:19:13.017633
1818,453,32,40.45,78.75,2025-04-23 14:19:13.017636
1819,210,45,2.9,46.2,2025-04-19 14:19:13.017638
1820,144,47,77.48,100.38,2025-03-06 14:19:13.017641
1821,392,46,17.92,113.99,2025-03-08 14:19:13.017643
1822,345,8,5.35,96.68,2025-04-02 14:19:13.017646
1823,96,43,65.72,45.31,2025-03-25 14:19:13.017648
1824,382,18,77.62,94.64,2025-04-03 14:19:13.017651
1825,346,36,81.57,42.17,2025-03-18 14:19:13.017654
1826,244,26,49.86,20.05,2025-03-07 14:19:13.017656
1827,86,10,21.33,4.01,2025-04-06 14:19:13.017659
1828,415,31,73.99,46.29,2025-04-04 14:19:13.017662
1829,491,33,70.27,108.43,2025-03-06 14:19:13.017664
1830,394,29,25.38,28.68,2025-04-12 14:19:13.017667
1831,184,5,90.44,24.78,2025-03-14 14:19:13.017669
1832,121,13,11.33,116.38,2025-04-10 14:19:13.017672
1833,332,1,98.29,3.0,2025-03-23 14:19:13.017675
1834,92,23,86.16,94.29,2025-04-16 14:19:13.017677
1835,70,40,69.1,38.56,2025-04-16 14:19:13.017678
1836,404,3,93.94,4.5,2025-03-30 14:19:13.017680
1837,133,3,72.51,110.14,2025-03-19 14:19:13.017681
1838,279,7,19.86,16.76,2025-03-04 14:19:13.017683
1839,137,36,44.77,66.21,2025-03-24 14:19:13.017684
1840,314,35,8.08,32.89,2025-03-31 14:19:13.017686
1841,187,15,39.58,7.82,2025-03-24 14:19:13.017687
1842,221,40,74.42,5.99,2025-03-27 14:19:13.017689
1843,464,3,39.26,13.87,2025-04-21 14:19:13.017690
1844,438,29,33.7,8.56,2025-04-11 14:19:13.017692
1845,46,30,59.94,91.27,2025-03-01 14:19:13.017693
1846,278,39,87.35,58.27,2025-04-13 14:19:13.017694
1847,192,18,5.71,41.15,2025-02-28 14:19:13.017696
1848,8,11,39.16,50.2,2025-03-26 14:19:13.017698
1849,379,43,16.67,111.47,2025-03-04 14:19:13.017699
1850,276,49,69.84,109.29,2025-03-03 14:19:13.017701
1851,179,38,11.47,85.88,2025-03-14 14:19:13.017702
1852,334,40,66.82,106.16,2025-04-01 14:19:13.017704
1853,39,1,29.33,38.36,2025-03-14 14:19:13.017705
1854,293,29,20.69,45.73,2025-03-06 14:19:13.017707
1855,178,10,93.7,73.65,2025-04-13 14:19:13.017708
1856,162,28,2.83,74.84,2025-03-21 14:19:13.017710
1857,331,31,44.34,57.8,2025-04-21 14:19:13.017711
1858,374,19,3.14,48.08,2025-02-27 14:19:13.017713
1859,104,3,48.88,118.34,2025-03-13 14:19:13.017714
1860,161,36,50.6,98.53,2025-03-27 14:19:13.017716
1861,287,43,32.84,52.2,2025-04-24 14:19:13.017717
1862,123,15,14.08,87.28,2025-02-23 14:19:13.017719
1863,54,33,38.26,32.35,2025-04-07 14:19:13.017720
1864,428,41,67.55,12.02,2025-03-13 14:19:13.017722
1865,34,43,78.46,42.29,2025-03-11 14:19:13.017723
1866,242,45,53.54,48.36,2025-02-23 14:19:13.017725
1867,455,26,59.39,1.98,2025-03-26 14:19:13.017726
1868,378,16,20.86,97.78,2025-03-07 14:19:13.017728
1869,113,36,29.45,43.1,2025-03-15 14:19:13.017729
1870,318,33,17.03,69.65,2025-03-27 14:19:13.017731
1871,23,20,25.68,8.88,2025-04-17 14:19:13.017732
1872,46,13,23.26,21.0,2025-04-05 14:19:13.017734
1873,312,33,52.43,106.76,2025-04-19 14:19:13.017735
1874,135,5,56.71,73.04,2025-03-31 14:19:13.017737
1875,118,37,94.55,114.03,2025-03-28 14:19:13.017738
1876,473,14,20.36,119.85,2025-03-19 14:19:13.017740
1877,189,27,64.53,44.62,2025-02-28 14:19:13.017741
1878,131,23,81.91,35.86,2025-03-15 14:19:13.017743
1879,422,14,56.46,103.0,2025-03-16 14:19:13.017745
1880,212,40,26.25,119.83,2025-04-13 14:19:13.017746
1881,418,4,26.99,75.56,2025-04-22 14:19:13.017748
1882,113,39,4.89,95.42,2025-03-06 14:19:13.017749
1883,44,19,31.24,93.81,2025-03-15 14:19:13.017751
1884,128,47,74.72,42.64,2025-03-05 14:19:13.017752
1885,364,4,5.7,68.91,2025-03-12 14:19:13.017754
1886,158,30,22.71,99.97,2025-04-07 14:19:13.017755
1887,273,19,70.92,82.57,2025-04-22 14:19:13.017756
1888,315,31,78.48,2.54,2025-03-18 14:19:13.017758
1889,394,31,46.08,40.4,2025-02-25 14:19:13.017760
1890,355,9,70.11,17.34,2025-03-16 14:19:13.017761
1891,340,13,39.41,27.96,2025-02-24 14:19:13.017763
1892,402,14,16.83,108.66,2025-03-20 14:19:13.017764
1893,45,46,40.42,4.43,2025-04-16 14:19:13.017766
1894,108,10,58.42,26.38,2025-04-15 14:19:13.017767
1895,219,48,94.86,37.15,2025-04-01 14:19:13.017769
1896,443,31,7.81,74.03,2025-04-12 14:19:13.017770
1897,318,37,51.23,64.09,2025-03-18 14:19:13.017772
1898,315,23,33.56,26.19,2025-03-01 14:19:13.017773
1899,177,27,51.32,19.71,2025-03-04 14:19:13.017775
1900,228,6,3.37,28.42,2025-04-17 14:19:13.017776
1901,191,26,31.99,60.3,2025-02-27 14:19:13.017778
1902,471,2,82.17,32.54,2025-04-05 14:19:13.017779
1903,160,45,55.84,113.71,2025-04-15 14:19:13.017781
1904,394,13,45.61,55.66,2025-04-22 14:19:13.017782
1905,267,50,29.27,7.06,2025-04-06 14:19:13.017784
1906,358,19,30.51,87.51,2025-04-03 14:19:13.017785
1907,326,1,38.93,39.46,2025-03-07 14:19:13.017787
1908,379,40,83.72,78.42,2025-03-05 14:19:13.017788
1909,489,32,96.75,33.55,2025-02-23 14:19:13.017790
1910,190,22,44.43,68.49,2025-03-19 14:19:13.017791
1911,175,48,39.94,92.66,2025-04-01 14:19:13.017793
1912,290,29,84.81,111.36,2025-04-14 14:19:13.017794
1913,484,2,43.26,31.34,2025-03-13 14:19:13.017796
1914,357,40,55.65,40.18,2025-03-15 14:19:13.017797
1915,145,38,23.86,55.71,2025-04-09 14:19:13.017799
1916,232,48,74.61,111.26,2025-04-03 14:19:13.017800
1917,360,11,53.67,108.17,2025-03-21 14:19:13.017802
1918,438,17,81.09,10.79,2025-04-09 14:19:13.017803
1919,204,43,78.29,15.83,2025-03-27 14:19:13.017805
1920,213,8,22.29,59.46,2025-04-10 14:19:13.017806
1921,40,22,71.85,12.79,2025-03-02 14:19:13.017808
1922,275,4,80.21,41.47,2025-04-09 14:19:13.017809
1923,323,11,35.26,17.81,2025-03-15 14:19:13.017811
1924,82,8,18.09,76.32,2025-03-13 14:19:13.017812
1925,181,9,1.26,113.94,2025-03-17 14:19:13.017814
1926,499,26,45.64,119.61,2025-04-06 14:19:13.017815
1927,320,2,35.89,45.03,2025-04-20 14:19:13.017817
1928,83,16,55.94,71.88,2025-03-09 14:19:13.017819
1929,303,31,19.62,102.75,2025-04-06 14:19:13.017820
1930,262,6,86.11,14.1,2025-04-24 14:19:13.017821
1931,272,21,26.52,82.75,2025-03-15 14:19:13.017823
1932,200,26,23.42,49.06,2025-04-03 14:19:13.017825
1933,240,19,48.59,24.74,2025-03-02 14:19:13.017827
1934,402,28,50.39,48.33,2025-03-16 14:19:13.017830
1935,180,8,22.29,9.12,2025-03-02 14:19:13.017832
1936,432,14,27.91,83.45,2025-04-19 14:19:13.017835
1937,171,24,17.8,30.33,2025-03-07 14:19:13.017837
1938,295,48,72.13,37.37,2025-02-24 14:19:13.017840
1939,177,44,77.24,14.53,2025-02-27 14:19:13.017842
1940,369,37,46.77,103.76,2025-03-29 14:19:13.017845
1941,396,26,71.69,59.21,2025-03-28 14:19:13.017848
1942,237,31,73.86,68.66,2025-04-05 14:19:13.017850
1943,138,32,14.69,68.33,2025-03-15 14:19:13.017853
1944,327,50,96.65,49.26,2025-03-18 14:19:13.017855
1945,366,41,82.28,23.1,2025-03-24 14:19:13.017858
1946,311,2,21.24,89.42,2025-03-26 14:19:13.017861
1947,129,25,19.43,15.25,2025-04-18 14:19:13.017863
1948,49,44,13.44,12.46,2025-03-23 14:19:13.017864
1949,164,2,14.7,85.22,2025-03-09 14:19:13.017866
1950,277,42,75.07,25.06,2025-04-18 14:19:13.017867
1951,293,1,47.5,36.81,2025-03-08 14:19:13.017869
1952,116,36,78.51,57.03,2025-03-01 14:19:13.017870
1953,24,12,74.88,53.92,2025-04-23 14:19:13.017872
1954,311,9,60.86,85.03,2025-04-13 14:19:13.017873
1955,25,36,68.95,74.81,2025-04-01 14:19:13.017875
1956,391,41,2.82,77.33,2025-04-02 14:19:13.017876
1957,127,28,31.87,85.69,2025-03-20 14:19:13.017878
1958,234,38,64.14,35.11,2025-02-27 14:19:13.017879
1959,209,33,1.93,38.68,2025-03-22 14:19:13.017881
1960,93,42,4.26,52.56,2025-02-25 14:19:13.017882
1961,94,46,85.34,36.9,2025-04-01 14:19:13.017884
1962,327,22,68.72,118.19,2025-04-04 14:19:13.017885
1963,225,25,27.27,97.69,2025-04-21 14:19:13.017887
1964,455,18,69.11,19.76,2025-03-27 14:19:13.017888
1965,378,6,79.45,0.67,2025-04-07 14:19:13.017890
1966,280,18,31.37,5.13,2025-03-30 14:19:13.017891
1967,11,16,4.57,29.29,2025-04-14 14:19:13.017893
1968,329,15,93.35,13.71,2025-03-09 14:19:13.017894
1969,12,48,35.17,64.0,2025-03-28 14:19:13.017896
1970,35,8,11.54,102.96,2025-02-28 14:19:13.017897
1971,447,13,49.69,88.41,2025-03-31 14:19:13.017899
1972,452,43,77.08,25.87,2025-04-20 14:19:13.017901
1973,228,7,22.94,47.92,2025-02-23 14:19:13.017902
1974,220,17,27.68,60.95,2025-02-25 14:19:13.017904
1975,441,50,25.03,97.22,2025-02-27 14:19:13.017905
1976,141,32,99.18,100.69,2025-04-12 14:19:13.017907
1977,23,22,20.54,109.17,2025-02-27 14:19:13.017908
1978,83,13,57.98,61.11,2025-02-28 14:19:13.017911
1979,490,47,92.6,83.31,2025-03-08 14:19:13.017913
1980,229,23,15.54,13.42,2025-03-06 14:19:13.017914
1981,423,29,97.11,67.83,2025-02-27 14:19:13.017916
1982,344,22,94.8,29.84,2025-04-09 14:19:13.017917
1983,80,1,88.57,51.81,2025-02-25 14:19:13.017919
1984,353,29,22.24,76.09,2025-02-25 14:19:13.017920
1985,396,48,63.77,30.84,2025-03-03 14:19:13.017922
1986,290,5,76.33,6.26,2025-03-09 14:19:13.017925
1987,455,35,98.62,1.23,2025-03-28 14:19:13.017928
1988,331,10,18.86,2.66,2025-03-17 14:19:13.017930
1989,159,19,76.84,1.0,2025-04-13 14:19:13.017933
1990,477,37,34.54,13.24,2025-03-29 14:19:13.017936
1991,128,7,18.39,28.74,2025-03-20 14:19:13.017938
1992,190,46,42.72,26.55,2025-03-12 14:19:13.017941
1993,397,35,79.59,118.42,2025-03-09 14:19:13.017943
1994,31,45,47.02,36.72,2025-04-11 14:19:13.017946
1995,386,13,54.21,15.29,2025-04-08 14:19:13.017949
1996,359,10,99.52,65.47,2025-04-11 14:19:13.017952
1997,15,2,40.51,102.95,2025-04-15 14:19:13.017954
1998,313,6,61.92,81.37,2025-03-02 14:19:13.017957
1999,75,8,37.16,35.53,2025-03-21 14:19:13.017959
2000,34,36,39.89,67.39,2025-03-02 14:19:13.017962
