session_id,user_id,start_time,end_time,device_type
1,34,2025-04-19 08:19:12.991113,2025-04-22 07:36:12.993243,desktop
2,111,2025-04-22 13:19:12.991132,2025-04-22 20:59:12.993248,mobile
3,264,2025-04-17 22:19:12.991135,2025-04-23 04:29:12.993252,mobile
4,424,2025-04-21 18:19:12.991137,2025-04-22 12:27:12.993255,desktop
5,369,2025-04-20 07:19:12.991139,2025-04-16 12:39:12.993259,desktop
6,236,2025-04-24 03:19:12.991142,2025-04-17 07:26:12.993262,desktop
7,83,2025-04-22 23:19:12.991144,2025-04-16 08:03:12.993267,desktop
8,42,2025-04-17 02:19:12.991147,2025-04-22 10:34:12.993271,mobile
9,425,2025-04-17 10:19:12.991150,2025-04-19 22:58:12.993275,mobile
10,101,2025-04-24 12:19:12.991153,2025-04-19 05:05:12.993279,desktop
11,6,2025-04-19 05:19:12.991155,2025-04-22 03:18:12.993282,mobile
12,180,2025-04-22 05:19:12.991157,2025-04-20 00:26:12.993286,desktop
13,282,2025-04-20 05:19:12.991159,2025-04-19 22:33:12.993289,desktop
14,320,2025-04-21 16:19:12.991161,2025-04-17 05:41:12.993293,mobile
15,226,2025-04-17 05:19:12.991163,2025-04-22 03:32:12.993296,desktop
16,443,2025-04-20 00:19:12.991165,2025-04-16 20:02:12.993299,mobile
17,440,2025-04-23 08:19:12.991167,2025-04-18 10:30:12.993303,mobile
18,315,2025-04-21 22:19:12.991169,2025-04-22 00:00:12.993306,mobile
19,365,2025-04-19 01:19:12.991171,2025-04-24 07:11:12.993309,mobile
20,454,2025-04-20 01:19:12.991173,2025-04-22 13:44:12.993313,desktop
21,229,2025-04-19 05:19:12.991175,2025-04-19 19:34:12.993316,mobile
22,377,2025-04-21 08:19:12.991177,2025-04-17 11:04:12.993320,desktop
23,289,2025-04-21 10:19:12.991179,2025-04-16 21:47:12.993323,desktop
24,437,2025-04-22 22:19:12.991181,2025-04-22 08:52:12.993326,desktop
25,150,2025-04-18 06:19:12.991183,2025-04-24 10:09:12.993330,desktop
26,277,2025-04-19 01:19:12.991186,2025-04-18 22:28:12.993333,mobile
27,198,2025-04-22 22:19:12.991188,2025-04-24 06:37:12.993337,mobile
28,70,2025-04-22 21:19:12.991190,2025-04-22 15:29:12.993340,desktop
29,112,2025-04-19 06:19:12.991192,2025-04-21 13:02:12.993343,desktop
30,4,2025-04-17 14:19:12.991194,2025-04-18 10:06:12.993346,mobile
31,350,2025-04-20 02:19:12.991196,2025-04-20 17:30:12.993350,desktop
32,331,2025-04-20 04:19:12.991198,2025-04-23 19:52:12.993353,mobile
33,446,2025-04-20 10:19:12.991200,2025-04-21 04:43:12.993356,desktop
34,318,2025-04-20 14:19:12.991202,2025-04-24 00:50:12.993361,mobile
35,350,2025-04-17 06:19:12.991204,2025-04-18 11:11:12.993364,desktop
36,95,2025-04-20 08:19:12.991206,2025-04-18 10:52:12.993368,desktop
37,152,2025-04-17 01:19:12.991208,2025-04-23 22:37:12.993371,mobile
38,311,2025-04-18 13:19:12.991210,2025-04-18 15:14:12.993374,desktop
39,137,2025-04-22 04:19:12.991212,2025-04-21 11:06:12.993378,desktop
40,247,2025-04-18 08:19:12.991214,2025-04-16 19:58:12.993381,mobile
41,387,2025-04-23 18:19:12.991216,2025-04-17 01:03:12.993384,desktop
42,243,2025-04-19 18:19:12.991218,2025-04-23 08:28:12.993388,mobile
43,31,2025-04-22 01:19:12.991220,2025-04-16 20:25:12.993391,mobile
44,40,2025-04-18 10:19:12.991222,2025-04-23 05:59:12.993395,desktop
45,229,2025-04-21 19:19:12.991224,2025-04-17 01:31:12.993398,desktop
46,36,2025-04-23 16:19:12.991226,2025-04-23 01:01:12.993401,desktop
47,408,2025-04-20 08:19:12.991228,2025-04-23 16:43:12.993405,desktop
48,223,2025-04-16 12:19:12.991229,2025-04-23 21:02:12.993408,desktop
49,6,2025-04-22 20:19:12.991231,2025-04-18 08:56:12.993411,desktop
50,322,2025-04-22 01:19:12.991233,2025-04-17 00:40:12.993415,desktop
51,468,2025-04-19 20:19:12.991235,2025-04-19 10:51:12.993418,mobile
52,220,2025-04-19 01:19:12.991237,2025-04-18 13:46:12.993421,desktop
53,75,2025-04-24 00:19:12.991239,2025-04-22 05:08:12.993425,mobile
54,4,2025-04-19 20:19:12.991242,2025-04-21 17:36:12.993428,desktop
55,335,2025-04-18 12:19:12.991244,2025-04-19 07:35:12.993432,desktop
56,134,2025-04-24 06:19:12.991246,2025-04-22 16:04:12.993435,mobile
57,118,2025-04-17 02:19:12.991248,2025-04-18 17:34:12.993438,desktop
58,369,2025-04-17 20:19:12.991250,2025-04-23 23:04:12.993441,desktop
59,94,2025-04-22 15:19:12.991252,2025-04-20 18:49:12.993445,mobile
60,486,2025-04-23 18:19:12.991254,2025-04-24 11:43:12.993449,desktop
61,435,2025-04-17 17:19:12.991256,2025-04-20 20:57:12.993452,desktop
62,62,2025-04-21 17:19:12.991258,2025-04-23 11:06:12.993455,desktop
63,441,2025-04-17 09:19:12.991260,2025-04-20 23:59:12.993458,mobile
64,194,2025-04-16 18:19:12.991262,2025-04-18 18:14:12.993462,desktop
65,335,2025-04-17 19:19:12.991264,2025-04-19 09:00:12.993465,desktop
66,203,2025-04-22 08:19:12.991266,2025-04-17 18:54:12.993469,desktop
67,392,2025-04-20 04:19:12.991268,2025-04-20 11:07:12.993472,desktop
68,26,2025-04-24 00:19:12.991270,2025-04-20 14:34:12.993476,mobile
69,435,2025-04-17 22:19:12.991272,2025-04-23 22:26:12.993479,mobile
70,173,2025-04-23 20:19:12.991274,2025-04-18 11:48:12.993482,desktop
71,300,2025-04-17 11:19:12.991276,2025-04-16 15:03:12.993486,desktop
72,133,2025-04-23 21:19:12.991278,2025-04-21 12:30:12.993489,mobile
73,326,2025-04-21 09:19:12.991280,2025-04-21 07:16:12.993492,mobile
74,410,2025-04-19 01:19:12.991282,2025-04-20 12:42:12.993496,desktop
75,118,2025-04-21 09:19:12.991284,2025-04-16 06:36:12.993499,mobile
76,324,2025-04-23 11:19:12.991286,2025-04-18 19:14:12.993502,desktop
77,275,2025-04-20 17:19:12.991288,2025-04-23 05:55:12.993506,mobile
78,212,2025-04-19 16:19:12.991291,2025-04-19 00:17:12.993509,mobile
79,225,2025-04-22 13:19:12.991293,2025-04-23 08:25:12.993513,mobile
80,20,2025-04-19 19:19:12.991295,2025-04-21 22:26:12.993516,mobile
81,113,2025-04-17 00:19:12.991297,2025-04-18 06:54:12.993519,desktop
82,140,2025-04-20 09:19:12.991299,2025-04-16 23:09:12.993522,mobile
83,47,2025-04-18 10:19:12.991301,2025-04-22 22:58:12.993526,mobile
84,1,2025-04-21 10:19:12.991303,2025-04-23 23:11:12.993529,desktop
85,90,2025-04-17 13:19:12.991304,2025-04-18 13:00:12.993532,mobile
86,142,2025-04-18 21:19:12.991306,2025-04-17 05:40:12.993536,mobile
87,320,2025-04-24 05:19:12.991308,2025-04-23 17:01:12.993540,desktop
88,38,2025-04-18 00:19:12.991310,2025-04-18 23:30:12.993543,mobile
89,293,2025-04-18 20:19:12.991312,2025-04-19 06:13:12.993546,desktop
90,382,2025-04-19 09:19:12.991314,2025-04-19 20:25:12.993550,desktop
91,139,2025-04-24 06:19:12.991316,2025-04-22 13:35:12.993553,desktop
92,356,2025-04-19 22:19:12.991318,2025-04-23 21:50:12.993556,desktop
93,333,2025-04-18 03:19:12.991320,2025-04-17 01:08:12.993560,mobile
94,491,2025-04-22 02:19:12.991322,2025-04-21 17:53:12.993563,desktop
95,259,2025-04-18 12:19:12.991324,2025-04-17 22:56:12.993566,mobile
96,161,2025-04-24 05:19:12.991326,2025-04-24 02:29:12.993570,mobile
97,390,2025-04-24 05:19:12.991328,2025-04-24 03:57:12.993573,mobile
98,178,2025-04-17 20:19:12.991330,2025-04-22 02:44:12.993577,mobile
99,10,2025-04-17 12:19:12.991332,2025-04-23 08:35:12.993580,mobile
100,261,2025-04-19 08:19:12.991334,2025-04-21 06:56:12.993594,mobile
101,407,2025-04-18 14:19:12.991336,2025-04-17 00:25:12.993598,mobile
102,138,2025-04-23 13:19:12.991338,2025-04-24 05:44:12.993601,mobile
103,172,2025-04-21 23:19:12.991340,2025-04-17 20:50:12.993604,mobile
104,386,2025-04-17 19:19:12.991342,2025-04-20 08:42:12.993608,mobile
105,13,2025-04-22 01:19:12.991344,2025-04-19 01:18:12.993611,desktop
106,168,2025-04-17 11:19:12.991346,2025-04-19 23:11:12.993614,desktop
107,130,2025-04-21 14:19:12.991348,2025-04-17 14:01:12.993618,desktop
108,84,2025-04-22 19:19:12.991350,2025-04-19 04:17:12.993621,mobile
109,321,2025-04-19 03:19:12.991352,2025-04-20 12:39:12.993625,desktop
110,319,2025-04-19 14:19:12.991355,2025-04-16 16:38:12.993629,desktop
111,101,2025-04-19 08:19:12.991357,2025-04-23 06:55:12.993632,desktop
112,329,2025-04-23 06:19:12.991359,2025-04-18 22:04:12.993635,mobile
113,273,2025-04-21 13:19:12.991361,2025-04-23 16:27:12.993639,mobile
114,265,2025-04-23 13:19:12.991363,2025-04-22 00:57:12.993642,mobile
115,459,2025-04-23 03:19:12.991365,2025-04-18 04:14:12.993645,mobile
116,399,2025-04-24 01:19:12.991367,2025-04-22 01:26:12.993649,desktop
117,408,2025-04-17 23:19:12.991369,2025-04-22 15:59:12.993652,desktop
118,38,2025-04-16 09:19:12.991371,2025-04-22 21:37:12.993655,desktop
119,419,2025-04-23 02:19:12.991373,2025-04-23 03:50:12.993659,desktop
120,94,2025-04-21 05:19:12.991374,2025-04-20 00:18:12.993662,mobile
121,95,2025-04-18 11:19:12.991376,2025-04-21 12:40:12.993666,mobile
122,305,2025-04-19 22:19:12.991378,2025-04-22 15:34:12.993669,mobile
123,69,2025-04-20 07:19:12.991380,2025-04-17 05:37:12.993672,desktop
124,318,2025-04-23 02:19:12.991382,2025-04-17 15:49:12.993676,mobile
125,444,2025-04-22 12:19:12.991384,2025-04-18 03:46:12.993679,mobile
126,236,2025-04-24 01:19:12.991386,2025-04-24 02:12:12.993682,desktop
127,434,2025-04-23 15:19:12.991388,2025-04-16 14:40:12.993686,desktop
128,334,2025-04-20 21:19:12.991390,2025-04-22 15:48:12.993689,mobile
129,373,2025-04-17 20:19:12.991392,2025-04-16 11:50:12.993693,mobile
130,376,2025-04-19 13:19:12.991395,2025-04-21 12:05:12.993697,mobile
131,459,2025-04-21 15:19:12.991398,2025-04-17 01:03:12.993700,mobile
132,137,2025-04-19 15:19:12.991400,2025-04-17 11:49:12.993703,mobile
133,418,2025-04-24 06:19:12.991402,2025-04-18 18:38:12.993707,mobile
134,76,2025-04-22 01:19:12.991404,2025-04-20 22:40:12.993710,desktop
135,483,2025-04-19 05:19:12.991406,2025-04-21 03:11:12.993713,desktop
136,35,2025-04-18 13:19:12.991407,2025-04-20 07:19:12.993717,desktop
137,1,2025-04-23 06:19:12.991409,2025-04-21 08:33:12.993720,mobile
138,296,2025-04-16 18:19:12.991411,2025-04-20 10:50:12.993723,desktop
139,320,2025-04-16 12:19:12.991413,2025-04-22 14:42:12.993727,mobile
140,406,2025-04-23 00:19:12.991415,2025-04-18 21:25:12.993730,mobile
141,60,2025-04-17 17:19:12.991417,2025-04-23 04:48:12.993734,desktop
142,320,2025-04-22 00:19:12.991419,2025-04-19 23:36:12.993737,mobile
143,349,2025-04-19 16:19:12.991421,2025-04-17 15:54:12.993740,mobile
144,328,2025-04-18 07:19:12.991423,2025-04-22 23:24:12.993744,desktop
145,267,2025-04-20 23:19:12.991425,2025-04-21 09:13:12.993747,desktop
146,361,2025-04-17 15:19:12.991427,2025-04-24 03:54:12.993751,desktop
147,229,2025-04-23 07:19:12.991429,2025-04-22 18:53:12.993754,mobile
148,270,2025-04-19 10:19:12.991431,2025-04-23 00:32:12.993757,desktop
149,316,2025-04-18 15:19:12.991433,2025-04-24 04:12:12.993761,desktop
150,286,2025-04-23 10:19:12.991436,2025-04-22 01:04:12.993765,mobile
151,291,2025-04-17 08:19:12.991438,2025-04-24 09:17:12.993768,desktop
152,213,2025-04-23 03:19:12.991439,2025-04-21 20:46:12.993772,desktop
153,165,2025-04-23 01:19:12.991441,2025-04-23 11:33:12.993775,desktop
154,5,2025-04-17 03:19:12.991443,2025-04-18 09:28:12.993778,mobile
155,339,2025-04-21 02:19:12.991445,2025-04-20 12:24:12.993782,mobile
156,379,2025-04-22 10:19:12.991447,2025-04-19 00:06:12.993785,mobile
157,78,2025-04-22 04:19:12.991449,2025-04-17 13:39:12.993788,mobile
158,410,2025-04-24 08:19:12.991451,2025-04-17 06:55:12.993792,desktop
159,62,2025-04-18 05:19:12.991453,2025-04-20 17:12:12.993795,mobile
160,132,2025-04-23 17:19:12.991455,2025-04-18 15:46:12.993799,mobile
161,89,2025-04-22 04:19:12.991457,2025-04-18 13:05:12.993802,desktop
162,237,2025-04-20 05:19:12.991459,2025-04-20 11:34:12.993805,desktop
163,42,2025-04-18 21:19:12.991461,2025-04-19 03:25:12.993809,desktop
164,89,2025-04-16 06:19:12.991463,2025-04-16 11:01:12.993812,mobile
165,402,2025-04-19 21:19:12.991465,2025-04-24 11:29:12.993815,mobile
166,296,2025-04-16 23:19:12.991467,2025-04-24 14:13:12.993819,mobile
167,328,2025-04-20 04:19:12.991469,2025-04-22 13:33:12.993822,desktop
168,295,2025-04-24 05:19:12.991471,2025-04-23 08:59:12.993825,desktop
169,104,2025-04-21 06:19:12.991472,2025-04-18 15:54:12.993829,mobile
170,14,2025-04-22 21:19:12.991474,2025-04-18 02:45:12.993832,desktop
171,288,2025-04-21 23:19:12.991476,2025-04-17 00:58:12.993836,desktop
172,179,2025-04-24 00:19:12.991479,2025-04-19 17:58:12.993842,desktop
173,125,2025-04-21 01:19:12.991481,2025-04-18 19:06:12.993846,mobile
174,422,2025-04-22 23:19:12.991483,2025-04-19 15:05:12.993850,desktop
175,353,2025-04-20 17:19:12.991485,2025-04-24 02:40:12.993853,desktop
176,23,2025-04-19 00:19:12.991487,2025-04-16 09:54:12.993856,mobile
177,63,2025-04-18 08:19:12.991489,2025-04-20 06:09:12.993860,mobile
178,143,2025-04-17 12:19:12.991491,2025-04-19 05:42:12.993863,desktop
179,481,2025-04-20 17:19:12.991493,2025-04-21 21:53:12.993866,desktop
180,153,2025-04-19 06:19:12.991495,2025-04-18 05:31:12.993870,mobile
181,145,2025-04-21 12:19:12.991497,2025-04-18 16:33:12.993873,mobile
182,225,2025-04-24 09:19:12.991499,2025-04-22 12:39:12.993876,desktop
183,495,2025-04-21 21:19:12.991501,2025-04-18 12:05:12.993880,desktop
184,450,2025-04-16 08:19:12.991503,2025-04-17 12:52:12.993883,desktop
185,462,2025-04-21 02:19:12.991505,2025-04-22 20:33:12.993886,desktop
186,309,2025-04-19 03:19:12.991507,2025-04-19 13:59:12.993890,mobile
187,104,2025-04-18 21:19:12.991508,2025-04-23 18:24:12.993893,desktop
188,104,2025-04-18 20:19:12.991510,2025-04-19 17:45:12.993896,desktop
189,435,2025-04-17 05:19:12.991512,2025-04-18 01:05:12.993900,mobile
190,39,2025-04-16 07:19:12.991514,2025-04-20 06:45:12.993903,desktop
191,435,2025-04-22 09:19:12.991516,2025-04-21 11:03:12.993907,mobile
192,198,2025-04-21 17:19:12.991518,2025-04-20 20:39:12.993910,desktop
193,134,2025-04-19 13:19:12.991520,2025-04-22 06:44:12.993913,desktop
194,67,2025-04-19 18:19:12.991522,2025-04-19 19:05:12.993917,mobile
195,391,2025-04-21 04:19:12.991524,2025-04-19 12:57:12.993920,mobile
196,179,2025-04-17 23:19:12.991526,2025-04-17 12:29:12.993924,desktop
197,456,2025-04-21 08:19:12.991528,2025-04-24 12:47:12.993927,desktop
198,42,2025-04-19 07:19:12.991530,2025-04-24 11:28:12.993930,desktop
199,448,2025-04-17 08:19:12.991532,2025-04-23 20:19:12.993934,mobile
200,500,2025-04-22 20:19:12.991534,2025-04-23 02:52:12.993937,desktop
201,15,2025-04-17 19:19:12.991536,2025-04-20 19:47:12.993940,mobile
202,111,2025-04-22 11:19:12.991539,2025-04-17 15:42:12.993944,mobile
203,157,2025-04-20 20:19:12.991541,2025-04-24 05:51:12.993948,desktop
204,289,2025-04-17 11:19:12.991543,2025-04-22 08:27:12.993951,mobile
205,500,2025-04-24 03:19:12.991545,2025-04-20 19:11:12.993954,desktop
206,478,2025-04-23 18:19:12.991547,2025-04-18 02:44:12.993958,desktop
207,231,2025-04-17 08:19:12.991549,2025-04-23 12:50:12.993961,desktop
208,411,2025-04-18 19:19:12.991551,2025-04-23 02:42:12.993965,desktop
209,420,2025-04-17 00:19:12.991553,2025-04-22 19:52:12.993970,desktop
210,157,2025-04-24 04:19:12.991555,2025-04-18 22:59:12.993976,mobile
211,38,2025-04-19 23:19:12.991557,2025-04-20 21:46:12.993982,mobile
212,441,2025-04-18 04:19:12.991559,2025-04-17 12:54:12.993987,desktop
213,97,2025-04-24 00:19:12.991560,2025-04-18 16:11:12.993995,desktop
214,485,2025-04-24 08:19:12.991562,2025-04-24 12:34:12.994000,mobile
215,411,2025-04-22 01:19:12.991564,2025-04-24 07:56:12.994006,mobile
216,439,2025-04-20 20:19:12.991566,2025-04-21 00:15:12.994012,mobile
217,289,2025-04-16 20:19:12.991568,2025-04-20 07:00:12.994017,mobile
218,254,2025-04-22 04:19:12.991570,2025-04-21 06:28:12.994023,desktop
219,196,2025-04-22 15:19:12.991572,2025-04-22 00:15:12.994029,desktop
220,86,2025-04-24 11:19:12.991574,2025-04-17 17:24:12.994035,mobile
221,322,2025-04-19 22:19:12.991576,2025-04-19 16:10:12.994039,desktop
222,10,2025-04-21 10:19:12.991578,2025-04-23 23:41:12.994042,mobile
223,5,2025-04-24 05:19:12.991580,2025-04-18 04:37:12.994046,desktop
224,123,2025-04-18 14:19:12.991582,2025-04-17 13:28:12.994049,mobile
225,330,2025-04-24 10:19:12.991584,2025-04-21 03:28:12.994052,desktop
226,353,2025-04-19 11:19:12.991586,2025-04-18 22:43:12.994055,mobile
227,118,2025-04-18 14:19:12.991588,2025-04-18 14:11:12.994059,mobile
228,294,2025-04-23 08:19:12.991590,2025-04-22 22:43:12.994062,desktop
229,397,2025-04-21 23:19:12.991592,2025-04-22 11:37:12.994066,mobile
230,159,2025-04-24 04:19:12.991594,2025-04-18 14:26:12.994069,desktop
231,303,2025-04-22 23:19:12.991595,2025-04-22 01:49:12.994073,desktop
232,228,2025-04-22 13:19:12.991597,2025-04-17 04:52:12.994076,mobile
233,365,2025-04-19 14:19:12.991599,2025-04-24 08:27:12.994079,desktop
234,216,2025-04-24 10:19:12.991602,2025-04-20 11:46:12.994083,desktop
235,436,2025-04-19 13:19:12.991604,2025-04-20 17:09:12.994087,desktop
236,184,2025-04-17 23:19:12.991606,2025-04-22 16:32:12.994090,desktop
237,15,2025-04-21 04:19:12.991607,2025-04-20 02:28:12.994093,desktop
238,157,2025-04-24 06:19:12.991609,2025-04-19 20:11:12.994097,mobile
239,136,2025-04-22 22:19:12.991611,2025-04-22 15:54:12.994100,desktop
240,261,2025-04-19 10:19:12.991613,2025-04-22 12:37:12.994103,desktop
241,157,2025-04-20 03:19:12.991615,2025-04-24 03:11:12.994107,desktop
242,47,2025-04-24 09:19:12.991617,2025-04-17 10:30:12.994110,desktop
243,324,2025-04-18 22:19:12.991619,2025-04-19 08:13:12.994113,desktop
244,332,2025-04-22 03:19:12.991621,2025-04-23 09:40:12.994117,mobile
245,173,2025-04-17 08:19:12.991623,2025-04-21 01:46:12.994121,desktop
246,130,2025-04-21 13:19:12.991625,2025-04-22 23:49:12.994124,mobile
247,411,2025-04-24 08:19:12.991627,2025-04-22 17:38:12.994128,mobile
248,95,2025-04-23 11:19:12.991629,2025-04-17 02:44:12.994131,mobile
249,115,2025-04-16 23:19:12.991631,2025-04-20 13:44:12.994134,mobile
250,243,2025-04-18 07:19:12.991633,2025-04-18 15:05:12.994138,desktop
251,420,2025-04-19 09:19:12.991635,2025-04-24 06:43:12.994141,mobile
252,292,2025-04-20 02:19:12.991637,2025-04-22 04:53:12.994145,mobile
253,282,2025-04-22 23:19:12.991639,2025-04-16 20:51:12.994148,desktop
254,299,2025-04-22 14:19:12.991640,2025-04-21 04:52:12.994151,desktop
255,283,2025-04-17 09:19:12.991642,2025-04-22 04:03:12.994155,desktop
256,69,2025-04-22 23:19:12.991644,2025-04-16 18:10:12.994160,mobile
257,148,2025-04-23 09:19:12.991646,2025-04-22 20:43:12.994163,desktop
258,11,2025-04-23 01:19:12.991648,2025-04-23 06:48:12.994167,desktop
259,254,2025-04-20 18:19:12.991651,2025-04-21 22:33:12.994171,mobile
260,330,2025-04-19 03:19:12.991653,2025-04-18 01:03:12.994175,desktop
261,360,2025-04-17 23:19:12.991655,2025-04-19 12:08:12.994178,desktop
262,38,2025-04-21 12:19:12.991657,2025-04-18 21:13:12.994182,desktop
263,134,2025-04-19 19:19:12.991658,2025-04-21 12:03:12.994185,desktop
264,200,2025-04-21 16:19:12.991661,2025-04-23 01:26:12.994188,mobile
265,23,2025-04-22 05:19:12.991662,2025-04-23 03:33:12.994192,desktop
266,303,2025-04-24 03:19:12.991664,2025-04-21 19:40:12.994195,desktop
267,346,2025-04-22 15:19:12.991666,2025-04-24 04:47:12.994198,mobile
268,302,2025-04-17 04:19:12.991668,2025-04-22 13:24:12.994202,desktop
269,363,2025-04-23 22:19:12.991670,2025-04-20 18:59:12.994205,mobile
270,396,2025-04-18 06:19:12.991672,2025-04-19 01:58:12.994209,desktop
271,218,2025-04-21 20:19:12.991674,2025-04-23 23:29:12.994212,mobile
272,141,2025-04-22 16:19:12.991676,2025-04-18 03:36:12.994216,mobile
273,104,2025-04-23 08:19:12.991678,2025-04-24 03:35:12.994219,mobile
274,446,2025-04-23 01:19:12.991680,2025-04-22 23:25:12.994222,mobile
275,210,2025-04-22 11:19:12.991682,2025-04-24 00:19:12.994226,desktop
276,473,2025-04-19 23:19:12.991684,2025-04-17 11:03:12.994229,mobile
277,481,2025-04-22 05:19:12.991686,2025-04-17 09:34:12.994232,desktop
278,111,2025-04-18 04:19:12.991688,2025-04-21 09:41:12.994236,mobile
279,104,2025-04-17 15:19:12.991690,2025-04-18 12:14:12.994239,mobile
280,316,2025-04-22 04:19:12.991692,2025-04-23 23:11:12.994242,mobile
281,171,2025-04-20 07:19:12.991694,2025-04-16 07:53:12.994246,desktop
282,460,2025-04-20 00:19:12.991696,2025-04-17 15:08:12.994249,mobile
283,492,2025-04-24 03:19:12.991698,2025-04-19 09:43:12.994253,desktop
284,356,2025-04-23 17:19:12.991700,2025-04-24 12:04:12.994256,desktop
285,496,2025-04-23 03:19:12.991702,2025-04-21 18:56:12.994259,desktop
286,324,2025-04-23 20:19:12.991703,2025-04-17 06:56:12.994263,desktop
287,133,2025-04-23 23:19:12.991705,2025-04-16 22:43:12.994266,desktop
288,376,2025-04-21 00:19:12.991707,2025-04-20 04:28:12.994269,desktop
289,293,2025-04-22 12:19:12.991709,2025-04-20 18:56:12.994273,desktop
290,328,2025-04-23 07:19:12.991711,2025-04-20 04:12:12.994276,desktop
291,127,2025-04-16 12:19:12.991713,2025-04-20 17:55:12.994279,desktop
292,106,2025-04-19 02:19:12.991715,2025-04-16 23:42:12.994283,mobile
293,497,2025-04-17 02:19:12.991717,2025-04-21 10:44:12.994286,mobile
294,92,2025-04-21 02:19:12.991719,2025-04-16 14:50:12.994289,mobile
295,287,2025-04-24 07:19:12.991721,2025-04-19 20:05:12.994293,mobile
296,378,2025-04-17 14:19:12.991723,2025-04-23 12:02:12.994296,mobile
297,393,2025-04-20 18:19:12.991725,2025-04-22 17:53:12.994300,desktop
298,51,2025-04-16 18:19:12.991727,2025-04-22 12:08:12.994303,desktop
299,29,2025-04-19 07:19:12.991729,2025-04-23 20:05:12.994307,desktop
300,462,2025-04-19 08:19:12.991731,2025-04-16 11:41:12.994310,desktop
301,296,2025-04-19 10:19:12.991732,2025-04-19 10:41:12.994313,desktop
302,297,2025-04-22 04:19:12.991734,2025-04-17 03:40:12.994317,desktop
303,214,2025-04-17 11:19:12.991736,2025-04-23 17:19:12.994320,desktop
304,267,2025-04-18 12:19:12.991738,2025-04-16 09:55:12.994323,mobile
305,407,2025-04-17 04:19:12.991740,2025-04-20 18:31:12.994327,mobile
306,257,2025-04-23 01:19:12.991742,2025-04-19 15:49:12.994330,mobile
307,302,2025-04-19 10:19:12.991744,2025-04-17 11:38:12.994333,mobile
308,101,2025-04-20 00:19:12.991746,2025-04-21 10:41:12.994337,desktop
309,405,2025-04-20 07:19:12.991748,2025-04-23 01:27:12.994340,desktop
310,346,2025-04-18 04:19:12.991751,2025-04-22 00:33:12.994344,desktop
311,110,2025-04-20 06:19:12.991754,2025-04-21 23:07:12.994347,mobile
312,420,2025-04-23 23:19:12.991756,2025-04-18 03:02:12.994351,desktop
313,182,2025-04-19 03:19:12.991758,2025-04-16 13:17:12.994354,desktop
314,471,2025-04-22 20:19:12.991760,2025-04-19 11:15:12.994357,desktop
315,313,2025-04-19 12:19:12.991762,2025-04-16 08:45:12.994361,mobile
316,1,2025-04-24 06:19:12.991764,2025-04-16 17:31:12.994364,desktop
317,319,2025-04-20 18:19:12.991765,2025-04-16 09:54:12.994367,mobile
318,438,2025-04-16 08:19:12.991767,2025-04-19 12:24:12.994371,mobile
319,55,2025-04-21 19:19:12.991769,2025-04-22 06:29:12.994374,mobile
320,371,2025-04-22 11:19:12.991771,2025-04-19 19:48:12.994377,mobile
321,424,2025-04-17 15:19:12.991773,2025-04-22 10:49:12.994381,desktop
322,399,2025-04-23 22:19:12.991775,2025-04-23 09:04:12.994384,mobile
323,149,2025-04-20 03:19:12.991777,2025-04-17 11:19:12.994387,mobile
324,431,2025-04-24 05:19:12.991779,2025-04-18 19:40:12.994391,desktop
325,457,2025-04-16 21:19:12.991781,2025-04-17 08:11:12.994394,desktop
326,309,2025-04-18 02:19:12.991783,2025-04-22 14:36:12.994398,mobile
327,137,2025-04-20 10:19:12.991785,2025-04-18 01:29:12.994401,desktop
328,202,2025-04-20 17:19:12.991787,2025-04-23 04:55:12.994404,mobile
329,436,2025-04-16 15:19:12.991789,2025-04-22 10:07:12.994408,mobile
330,313,2025-04-16 13:19:12.991790,2025-04-24 13:15:12.994411,mobile
331,117,2025-04-23 08:19:12.991793,2025-04-24 06:04:12.994414,mobile
332,154,2025-04-19 13:19:12.991796,2025-04-18 16:17:12.994418,desktop
333,425,2025-04-19 00:19:12.991799,2025-04-16 16:02:12.994421,mobile
334,291,2025-04-19 21:19:12.991802,2025-04-23 15:04:12.994424,desktop
335,63,2025-04-23 02:19:12.991805,2025-04-18 19:50:12.994428,desktop
336,244,2025-04-22 19:19:12.991808,2025-04-21 13:06:12.994431,desktop
337,25,2025-04-16 13:19:12.991812,2025-04-24 10:37:12.994434,desktop
338,90,2025-04-22 02:19:12.991815,2025-04-21 23:01:12.994438,mobile
339,75,2025-04-21 09:19:12.991817,2025-04-20 16:33:12.994441,desktop
340,294,2025-04-19 18:19:12.991821,2025-04-16 06:47:12.994445,mobile
341,386,2025-04-24 11:19:12.991823,2025-04-18 17:26:12.994448,desktop
342,391,2025-04-23 14:19:12.991826,2025-04-22 14:05:12.994451,desktop
343,210,2025-04-23 09:19:12.991830,2025-04-19 17:01:12.994454,mobile
344,475,2025-04-20 17:19:12.991833,2025-04-17 18:10:12.994458,mobile
345,418,2025-04-23 21:19:12.991836,2025-04-23 14:50:12.994461,mobile
346,347,2025-04-22 15:19:12.991839,2025-04-22 23:31:12.994465,desktop
347,17,2025-04-21 19:19:12.991843,2025-04-17 12:14:12.994468,desktop
348,128,2025-04-16 19:19:12.991846,2025-04-19 06:35:12.994471,mobile
349,427,2025-04-21 09:19:12.991849,2025-04-23 03:33:12.994475,mobile
350,443,2025-04-21 01:19:12.991852,2025-04-24 05:18:12.994478,mobile
351,364,2025-04-23 17:19:12.991855,2025-04-16 14:17:12.994481,mobile
352,251,2025-04-23 15:19:12.991858,2025-04-19 16:19:12.994485,desktop
353,179,2025-04-24 00:19:12.991862,2025-04-22 18:42:12.994488,mobile
354,182,2025-04-21 18:19:12.991867,2025-04-17 04:06:12.994492,mobile
355,152,2025-04-19 12:19:12.991871,2025-04-23 23:28:12.994495,mobile
356,25,2025-04-18 13:19:12.991874,2025-04-21 22:37:12.994499,mobile
357,455,2025-04-18 20:19:12.991877,2025-04-18 21:27:12.994502,desktop
358,180,2025-04-16 16:19:12.991881,2025-04-23 00:54:12.994505,mobile
359,198,2025-04-20 12:19:12.991884,2025-04-22 06:52:12.994509,desktop
360,344,2025-04-16 22:19:12.991888,2025-04-18 00:46:12.994512,mobile
361,161,2025-04-23 15:19:12.991891,2025-04-23 10:24:12.994516,mobile
362,177,2025-04-23 09:19:12.991895,2025-04-17 15:03:12.994519,desktop
363,285,2025-04-18 01:19:12.991898,2025-04-16 23:29:12.994522,mobile
364,63,2025-04-17 23:19:12.991901,2025-04-19 07:54:12.994526,desktop
365,491,2025-04-20 19:19:12.991904,2025-04-24 07:39:12.994529,desktop
366,150,2025-04-23 12:19:12.991908,2025-04-24 05:30:12.994532,mobile
367,154,2025-04-21 05:19:12.991911,2025-04-19 12:29:12.994536,desktop
368,156,2025-04-23 19:19:12.991914,2025-04-16 10:34:12.994539,desktop
369,370,2025-04-23 06:19:12.991917,2025-04-24 12:46:12.994542,desktop
370,469,2025-04-16 18:19:12.991921,2025-04-21 03:06:12.994545,desktop
371,49,2025-04-23 12:19:12.991924,2025-04-17 19:16:12.994549,desktop
372,455,2025-04-23 02:19:12.991927,2025-04-22 09:45:12.994552,desktop
373,337,2025-04-22 03:19:12.991929,2025-04-17 00:57:12.994555,desktop
374,84,2025-04-17 23:19:12.991931,2025-04-20 09:31:12.994559,desktop
375,361,2025-04-16 10:19:12.991933,2025-04-24 03:04:12.994562,mobile
376,177,2025-04-19 07:19:12.991935,2025-04-17 06:14:12.994566,mobile
377,148,2025-04-24 00:19:12.991937,2025-04-23 12:11:12.994569,desktop
378,118,2025-04-20 17:19:12.991939,2025-04-23 06:35:12.994572,mobile
379,342,2025-04-21 09:19:12.991941,2025-04-20 23:00:12.994576,desktop
380,476,2025-04-19 09:19:12.991942,2025-04-16 10:49:12.994579,desktop
381,63,2025-04-17 09:19:12.991945,2025-04-19 13:35:12.994583,mobile
382,189,2025-04-21 23:19:12.991947,2025-04-22 10:10:12.994586,desktop
383,360,2025-04-23 02:19:12.991949,2025-04-23 10:56:12.994589,desktop
384,49,2025-04-22 19:19:12.991950,2025-04-18 17:37:12.994593,desktop
385,327,2025-04-21 06:19:12.991953,2025-04-19 22:44:12.994596,desktop
386,257,2025-04-23 08:19:12.991954,2025-04-20 03:58:12.994599,mobile
387,224,2025-04-18 23:19:12.991956,2025-04-20 21:15:12.994603,desktop
388,141,2025-04-20 21:19:12.991958,2025-04-19 12:25:12.994606,desktop
389,478,2025-04-18 10:19:12.991960,2025-04-20 16:10:12.994609,desktop
390,215,2025-04-21 01:19:12.991962,2025-04-16 16:58:12.994612,mobile
391,435,2025-04-20 07:19:12.991964,2025-04-21 18:18:12.994616,desktop
392,379,2025-04-23 18:19:12.991966,2025-04-20 22:42:12.994619,mobile
393,440,2025-04-24 03:19:12.991968,2025-04-18 20:38:12.994622,mobile
394,211,2025-04-24 00:19:12.991970,2025-04-20 07:49:12.994626,desktop
395,318,2025-04-16 22:19:12.991972,2025-04-17 02:40:12.994629,desktop
396,32,2025-04-20 03:19:12.991974,2025-04-18 16:00:12.994632,mobile
397,158,2025-04-20 11:19:12.991976,2025-04-23 12:40:12.994636,desktop
398,285,2025-04-21 17:19:12.991978,2025-04-23 11:19:12.994639,mobile
399,305,2025-04-24 12:19:12.991980,2025-04-17 22:18:12.994643,mobile
400,429,2025-04-19 21:19:12.991982,2025-04-16 13:06:12.994646,desktop
401,477,2025-04-24 02:19:12.991984,2025-04-21 21:55:12.994650,desktop
402,286,2025-04-19 13:19:12.991988,2025-04-22 11:18:12.994655,mobile
403,144,2025-04-16 09:19:12.991990,2025-04-23 08:45:12.994658,mobile
404,424,2025-04-16 14:19:12.991991,2025-04-19 15:14:12.994661,mobile
405,19,2025-04-24 12:19:12.991993,2025-04-19 22:17:12.994665,mobile
406,18,2025-04-24 00:19:12.991995,2025-04-17 16:53:12.994668,desktop
407,257,2025-04-22 03:19:12.991997,2025-04-23 14:41:12.994672,desktop
408,78,2025-04-16 19:19:12.991999,2025-04-22 00:32:12.994675,desktop
409,371,2025-04-21 01:19:12.992001,2025-04-17 23:43:12.994678,desktop
410,175,2025-04-17 06:19:12.992003,2025-04-23 09:41:12.994681,desktop
411,498,2025-04-18 12:19:12.992005,2025-04-17 23:17:12.994685,mobile
412,194,2025-04-22 08:19:12.992007,2025-04-19 11:55:12.994688,desktop
413,476,2025-04-18 03:19:12.992009,2025-04-20 02:57:12.994692,desktop
414,113,2025-04-20 13:19:12.992011,2025-04-21 00:17:12.994695,desktop
415,114,2025-04-18 07:19:12.992013,2025-04-21 11:33:12.994698,desktop
416,222,2025-04-16 16:19:12.992015,2025-04-24 08:56:12.994701,desktop
417,166,2025-04-21 00:19:12.992017,2025-04-19 20:19:12.994705,mobile
418,435,2025-04-17 10:19:12.992019,2025-04-23 11:04:12.994708,mobile
419,319,2025-04-24 02:19:12.992021,2025-04-20 11:47:12.994711,mobile
420,132,2025-04-24 00:19:12.992023,2025-04-16 08:41:12.994715,desktop
421,385,2025-04-16 06:19:12.992025,2025-04-20 09:28:12.994718,mobile
422,264,2025-04-16 20:19:12.992027,2025-04-18 08:34:12.994721,mobile
423,413,2025-04-20 09:19:12.992029,2025-04-16 18:54:12.994725,desktop
424,55,2025-04-23 08:19:12.992031,2025-04-23 12:51:12.994728,desktop
425,359,2025-04-20 14:19:12.992033,2025-04-22 13:42:12.994731,desktop
426,131,2025-04-24 11:19:12.992034,2025-04-23 16:32:12.994735,mobile
427,288,2025-04-21 01:19:12.992036,2025-04-24 06:40:12.994738,mobile
428,266,2025-04-19 19:19:12.992039,2025-04-16 07:51:12.994741,desktop
429,458,2025-04-22 09:19:12.992041,2025-04-20 10:03:12.994745,desktop
430,467,2025-04-20 09:19:12.992043,2025-04-20 13:12:12.994748,mobile
431,366,2025-04-17 13:19:12.992045,2025-04-17 13:06:12.994751,mobile
432,162,2025-04-20 02:19:12.992047,2025-04-23 21:03:12.994755,desktop
433,380,2025-04-23 17:19:12.992049,2025-04-21 02:28:12.994758,desktop
434,481,2025-04-19 04:19:12.992051,2025-04-21 02:43:12.994761,mobile
435,87,2025-04-17 00:19:12.992053,2025-04-18 20:42:12.994765,desktop
436,55,2025-04-17 20:19:12.992055,2025-04-23 13:38:12.994768,mobile
437,476,2025-04-19 03:19:12.992057,2025-04-16 11:37:12.994771,mobile
438,288,2025-04-23 07:19:12.992059,2025-04-18 12:08:12.994775,mobile
439,178,2025-04-19 19:19:12.992061,2025-04-19 22:38:12.994778,mobile
440,391,2025-04-20 02:19:12.992063,2025-04-17 11:16:12.994781,desktop
441,349,2025-04-21 17:19:12.992064,2025-04-23 15:30:12.994785,desktop
442,8,2025-04-23 10:19:12.992066,2025-04-19 20:34:12.994788,mobile
443,321,2025-04-23 18:19:12.992068,2025-04-23 05:47:12.994792,mobile
444,313,2025-04-19 14:19:12.992070,2025-04-18 20:45:12.994795,mobile
445,247,2025-04-23 05:19:12.992072,2025-04-17 15:46:12.994798,mobile
446,323,2025-04-24 01:19:12.992074,2025-04-19 19:39:12.994802,mobile
447,472,2025-04-22 15:19:12.992076,2025-04-17 01:39:12.994805,desktop
448,471,2025-04-16 10:19:12.992078,2025-04-17 05:41:12.994808,desktop
449,443,2025-04-24 14:19:12.992080,2025-04-16 09:36:12.994812,desktop
450,255,2025-04-16 22:19:12.992082,2025-04-21 20:45:12.994815,desktop
451,328,2025-04-24 14:19:12.992084,2025-04-16 07:01:12.994818,mobile
452,54,2025-04-20 03:19:12.992086,2025-04-22 11:02:12.994822,mobile
453,249,2025-04-20 09:19:12.992088,2025-04-22 19:46:12.994825,mobile
454,239,2025-04-18 21:19:12.992090,2025-04-18 02:15:12.994828,mobile
455,229,2025-04-19 15:19:12.992092,2025-04-24 11:56:12.994832,mobile
456,67,2025-04-20 17:19:12.992094,2025-04-23 05:29:12.994835,desktop
457,51,2025-04-19 02:19:12.992096,2025-04-16 09:49:12.994838,mobile
458,97,2025-04-18 08:19:12.992099,2025-04-23 14:53:12.994842,desktop
459,92,2025-04-19 08:19:12.992101,2025-04-18 00:12:12.994846,desktop
460,495,2025-04-23 10:19:12.992103,2025-04-17 20:52:12.994850,desktop
461,264,2025-04-24 10:19:12.992105,2025-04-24 06:45:12.994853,desktop
462,418,2025-04-23 02:19:12.992107,2025-04-22 23:50:12.994857,mobile
463,291,2025-04-20 16:19:12.992109,2025-04-16 21:47:12.994860,desktop
464,96,2025-04-21 21:19:12.992111,2025-04-23 08:18:12.994863,desktop
465,88,2025-04-23 06:19:12.992113,2025-04-23 20:55:12.994867,desktop
466,78,2025-04-21 23:19:12.992115,2025-04-23 20:50:12.994870,mobile
467,288,2025-04-19 13:19:12.992117,2025-04-18 09:56:12.994873,mobile
468,120,2025-04-16 19:19:12.992119,2025-04-19 21:39:12.994877,mobile
469,302,2025-04-23 07:19:12.992121,2025-04-22 17:57:12.994880,desktop
470,491,2025-04-22 03:19:12.992123,2025-04-22 22:24:12.994884,desktop
471,400,2025-04-21 03:19:12.992125,2025-04-21 21:56:12.994887,mobile
472,452,2025-04-16 10:19:12.992127,2025-04-21 17:35:12.994890,desktop
473,500,2025-04-22 01:19:12.992129,2025-04-18 11:10:12.994893,mobile
474,165,2025-04-16 14:19:12.992131,2025-04-23 21:44:12.994897,mobile
475,182,2025-04-23 01:19:12.992133,2025-04-23 19:48:12.994900,desktop
476,469,2025-04-18 20:19:12.992134,2025-04-17 15:32:12.994903,desktop
477,398,2025-04-22 04:19:12.992136,2025-04-18 15:46:12.994907,desktop
478,223,2025-04-18 21:19:12.992138,2025-04-19 06:19:12.994910,desktop
479,311,2025-04-18 08:19:12.992141,2025-04-19 21:36:12.994913,mobile
480,432,2025-04-19 01:19:12.992143,2025-04-21 19:00:12.994917,mobile
481,466,2025-04-16 10:19:12.992145,2025-04-24 04:15:12.994920,mobile
482,7,2025-04-16 16:19:12.992147,2025-04-24 09:30:12.994923,mobile
483,330,2025-04-16 07:19:12.992149,2025-04-21 14:35:12.994927,mobile
484,263,2025-04-20 03:19:12.992151,2025-04-21 05:16:12.994930,desktop
485,161,2025-04-23 04:19:12.992153,2025-04-21 05:34:12.994933,mobile
486,151,2025-04-20 11:19:12.992155,2025-04-20 12:26:12.994937,mobile
487,85,2025-04-23 15:19:12.992157,2025-04-16 23:12:12.994940,mobile
488,147,2025-04-20 22:19:12.992159,2025-04-23 18:03:12.994943,desktop
489,112,2025-04-23 14:19:12.992161,2025-04-18 19:36:12.994947,desktop
490,381,2025-04-21 19:19:12.992163,2025-04-23 11:07:12.994950,desktop
491,403,2025-04-24 07:19:12.992165,2025-04-20 21:24:12.994953,desktop
492,36,2025-04-21 05:19:12.992167,2025-04-16 21:54:12.994957,mobile
493,285,2025-04-21 00:19:12.992169,2025-04-23 20:19:12.994960,mobile
494,188,2025-04-17 04:19:12.992171,2025-04-17 16:39:12.994963,desktop
495,82,2025-04-20 17:19:12.992172,2025-04-22 02:05:12.994967,desktop
496,2,2025-04-21 18:19:12.992174,2025-04-16 12:40:12.994970,mobile
497,385,2025-04-17 19:19:12.992176,2025-04-23 04:31:12.994973,mobile
498,303,2025-04-18 16:19:12.992178,2025-04-23 16:54:12.994977,desktop
499,197,2025-04-16 23:19:12.992180,2025-04-17 07:59:12.994980,desktop
500,404,2025-04-18 09:19:12.992182,2025-04-21 16:57:12.994983,desktop
501,11,2025-04-23 15:19:12.992184,2025-04-21 23:37:12.994987,desktop
502,234,2025-04-18 15:19:12.992186,2025-04-22 00:38:12.994991,mobile
503,386,2025-04-19 05:19:12.992188,2025-04-24 06:26:12.994994,mobile
504,195,2025-04-21 01:19:12.992190,2025-04-16 18:18:12.994997,mobile
505,471,2025-04-24 02:19:12.992192,2025-04-19 00:51:12.995001,desktop
506,119,2025-04-16 06:19:12.992194,2025-04-24 12:15:12.995004,desktop
507,396,2025-04-20 06:19:12.992196,2025-04-23 05:32:12.995007,mobile
508,20,2025-04-20 18:19:12.992198,2025-04-23 10:48:12.995011,mobile
509,261,2025-04-16 23:19:12.992201,2025-04-18 05:05:12.995014,mobile
510,293,2025-04-19 17:19:12.992203,2025-04-24 00:15:12.995017,mobile
511,422,2025-04-19 09:19:12.992205,2025-04-18 23:16:12.995021,desktop
512,256,2025-04-18 09:19:12.992207,2025-04-22 22:54:12.995024,mobile
513,222,2025-04-23 10:19:12.992209,2025-04-19 02:52:12.995028,mobile
514,393,2025-04-19 17:19:12.992211,2025-04-20 12:06:12.995031,mobile
515,226,2025-04-18 00:19:12.992213,2025-04-19 06:09:12.995034,mobile
516,53,2025-04-22 12:19:12.992215,2025-04-18 12:50:12.995038,mobile
517,428,2025-04-16 09:19:12.992217,2025-04-23 03:53:12.995041,mobile
518,355,2025-04-19 16:19:12.992219,2025-04-20 20:14:12.995047,mobile
519,500,2025-04-19 12:19:12.992221,2025-04-19 19:40:12.995053,desktop
520,342,2025-04-20 21:19:12.992223,2025-04-16 23:16:12.995059,desktop
521,364,2025-04-23 01:19:12.992225,2025-04-23 19:42:12.995065,desktop
522,280,2025-04-19 18:19:12.992227,2025-04-21 00:30:12.995071,desktop
523,81,2025-04-22 17:19:12.992229,2025-04-20 18:03:12.995077,mobile
524,202,2025-04-20 03:19:12.992231,2025-04-21 00:57:12.995082,desktop
525,158,2025-04-22 02:19:12.992233,2025-04-22 15:29:12.995088,desktop
526,120,2025-04-23 00:19:12.992235,2025-04-19 06:12:12.995095,mobile
527,59,2025-04-19 16:19:12.992237,2025-04-17 19:14:12.995101,mobile
528,494,2025-04-19 03:19:12.992239,2025-04-17 23:48:12.995107,desktop
529,215,2025-04-24 02:19:12.992241,2025-04-19 11:42:12.995112,desktop
530,128,2025-04-24 08:19:12.992243,2025-04-23 19:47:12.995118,mobile
531,224,2025-04-17 01:19:12.992245,2025-04-21 12:59:12.995123,desktop
532,209,2025-04-20 19:19:12.992247,2025-04-20 10:38:12.995129,mobile
533,370,2025-04-19 04:19:12.992249,2025-04-20 22:24:12.995134,mobile
534,115,2025-04-18 18:19:12.992250,2025-04-23 17:36:12.995139,mobile
535,209,2025-04-22 23:19:12.992252,2025-04-23 11:53:12.995144,mobile
536,14,2025-04-22 22:19:12.992254,2025-04-19 15:19:12.995150,desktop
537,9,2025-04-20 03:19:12.992256,2025-04-17 01:14:12.995156,mobile
538,40,2025-04-23 19:19:12.992258,2025-04-19 19:05:12.995162,mobile
539,450,2025-04-20 04:19:12.992260,2025-04-23 16:44:12.995166,desktop
540,237,2025-04-20 20:19:12.992262,2025-04-19 12:15:12.995169,mobile
541,281,2025-04-16 22:19:12.992264,2025-04-20 14:32:12.995172,desktop
542,359,2025-04-24 08:19:12.992266,2025-04-17 13:40:12.995176,desktop
543,201,2025-04-16 14:19:12.992268,2025-04-22 04:53:12.995180,desktop
544,246,2025-04-19 01:19:12.992270,2025-04-20 17:58:12.995183,mobile
545,278,2025-04-19 01:19:12.992272,2025-04-23 13:14:12.995186,desktop
546,235,2025-04-23 19:19:12.992274,2025-04-19 23:50:12.995190,desktop
547,494,2025-04-21 18:19:12.992276,2025-04-23 22:43:12.995193,mobile
548,4,2025-04-23 03:19:12.992278,2025-04-19 01:07:12.995197,desktop
549,154,2025-04-18 00:19:12.992280,2025-04-18 14:54:12.995200,desktop
550,442,2025-04-23 14:19:12.992282,2025-04-21 20:13:12.995204,desktop
551,29,2025-04-16 07:19:12.992284,2025-04-18 21:16:12.995207,desktop
552,109,2025-04-18 20:19:12.992286,2025-04-24 05:59:12.995211,desktop
553,98,2025-04-23 14:19:12.992288,2025-04-18 04:42:12.995214,mobile
554,215,2025-04-23 17:19:12.992290,2025-04-23 03:46:12.995217,desktop
555,293,2025-04-22 10:19:12.992292,2025-04-22 06:32:12.995221,desktop
556,75,2025-04-18 11:19:12.992294,2025-04-18 02:08:12.995224,mobile
557,326,2025-04-18 17:19:12.992296,2025-04-19 19:17:12.995228,mobile
558,146,2025-04-17 10:19:12.992298,2025-04-22 02:59:12.995231,mobile
559,128,2025-04-19 22:19:12.992300,2025-04-18 05:25:12.995235,desktop
560,341,2025-04-22 13:19:12.992302,2025-04-20 04:40:12.995238,mobile
561,42,2025-04-18 13:19:12.992304,2025-04-22 22:54:12.995242,desktop
562,356,2025-04-19 06:19:12.992306,2025-04-23 16:00:12.995245,desktop
563,41,2025-04-18 05:19:12.992308,2025-04-23 06:53:12.995248,mobile
564,422,2025-04-24 04:19:12.992310,2025-04-18 08:46:12.995252,mobile
565,34,2025-04-17 11:19:12.992312,2025-04-20 19:58:12.995255,desktop
566,17,2025-04-20 13:19:12.992314,2025-04-16 14:38:12.995258,mobile
567,165,2025-04-18 11:19:12.992316,2025-04-24 04:31:12.995262,desktop
568,153,2025-04-23 11:19:12.992318,2025-04-19 10:25:12.995265,mobile
569,486,2025-04-17 05:19:12.992320,2025-04-21 04:35:12.995269,mobile
570,378,2025-04-22 05:19:12.992321,2025-04-23 11:24:12.995272,mobile
571,76,2025-04-22 21:19:12.992323,2025-04-18 10:13:12.995276,desktop
572,87,2025-04-21 22:19:12.992325,2025-04-16 13:49:12.995279,mobile
573,117,2025-04-17 09:19:12.992327,2025-04-22 04:17:12.995283,desktop
574,362,2025-04-23 18:19:12.992329,2025-04-17 17:37:12.995286,desktop
575,342,2025-04-16 22:19:12.992331,2025-04-22 13:51:12.995289,desktop
576,469,2025-04-21 01:19:12.992333,2025-04-18 19:32:12.995293,desktop
577,27,2025-04-20 00:19:12.992335,2025-04-16 20:45:12.995296,mobile
578,313,2025-04-23 09:19:12.992337,2025-04-22 18:28:12.995300,desktop
579,287,2025-04-19 07:19:12.992339,2025-04-23 03:14:12.995303,desktop
580,134,2025-04-21 18:19:12.992341,2025-04-18 19:46:12.995306,mobile
581,219,2025-04-20 18:19:12.992343,2025-04-17 07:48:12.995310,desktop
582,168,2025-04-23 04:19:12.992345,2025-04-16 19:32:12.995313,mobile
583,98,2025-04-19 17:19:12.992347,2025-04-17 05:29:12.995317,desktop
584,268,2025-04-20 16:19:12.992349,2025-04-16 19:40:12.995320,mobile
585,237,2025-04-23 06:19:12.992351,2025-04-22 18:36:12.995324,desktop
586,309,2025-04-21 11:19:12.992353,2025-04-16 06:42:12.995328,mobile
587,455,2025-04-19 06:19:12.992355,2025-04-18 16:04:12.995331,desktop
588,394,2025-04-22 06:19:12.992357,2025-04-17 21:39:12.995334,desktop
589,173,2025-04-18 16:19:12.992359,2025-04-20 06:56:12.995338,mobile
590,401,2025-04-24 04:19:12.992361,2025-04-20 03:18:12.995341,mobile
591,410,2025-04-23 11:19:12.992363,2025-04-18 01:34:12.995344,mobile
592,469,2025-04-23 23:19:12.992365,2025-04-17 01:53:12.995348,mobile
593,476,2025-04-20 19:19:12.992367,2025-04-20 21:02:12.995351,desktop
594,190,2025-04-16 22:19:12.992371,2025-04-20 00:19:12.995356,desktop
595,122,2025-04-21 09:19:12.992373,2025-04-21 23:49:12.995360,mobile
596,46,2025-04-24 04:19:12.992375,2025-04-21 07:58:12.995363,desktop
597,64,2025-04-21 15:19:12.992377,2025-04-21 11:24:12.995367,mobile
598,130,2025-04-18 02:19:12.992398,2025-04-17 11:37:12.995370,mobile
599,310,2025-04-17 06:19:12.992403,2025-04-22 20:58:12.995373,desktop
600,363,2025-04-23 00:19:12.992406,2025-04-21 05:44:12.995377,desktop
601,193,2025-04-23 04:19:12.992409,2025-04-23 22:16:12.995380,desktop
602,307,2025-04-21 08:19:12.992413,2025-04-19 02:10:12.995384,desktop
603,181,2025-04-21 11:19:12.992416,2025-04-18 06:52:12.995387,desktop
604,292,2025-04-19 15:19:12.992420,2025-04-22 12:01:12.995390,desktop
605,371,2025-04-16 08:19:12.992422,2025-04-23 06:14:12.995394,desktop
606,282,2025-04-19 17:19:12.992424,2025-04-17 20:06:12.995397,mobile
607,29,2025-04-19 09:19:12.992426,2025-04-23 14:31:12.995401,mobile
608,149,2025-04-23 19:19:12.992428,2025-04-18 15:01:12.995404,mobile
609,267,2025-04-17 23:19:12.992430,2025-04-16 09:16:12.995407,mobile
610,296,2025-04-16 17:19:12.992432,2025-04-21 00:27:12.995411,mobile
611,11,2025-04-20 02:19:12.992434,2025-04-23 09:54:12.995414,desktop
612,164,2025-04-24 06:19:12.992436,2025-04-22 13:14:12.995417,mobile
613,113,2025-04-16 06:19:12.992438,2025-04-20 19:14:12.995421,mobile
614,187,2025-04-23 17:19:12.992440,2025-04-18 11:52:12.995424,mobile
615,295,2025-04-16 19:19:12.992442,2025-04-17 02:59:12.995428,mobile
616,232,2025-04-16 06:19:12.992444,2025-04-16 08:52:12.995431,mobile
617,227,2025-04-19 02:19:12.992446,2025-04-20 06:13:12.995435,mobile
618,310,2025-04-16 22:19:12.992448,2025-04-19 22:41:12.995438,mobile
619,98,2025-04-18 07:19:12.992450,2025-04-22 22:09:12.995441,desktop
620,55,2025-04-18 06:19:12.992452,2025-04-20 13:33:12.995445,desktop
621,111,2025-04-19 12:19:12.992454,2025-04-18 08:40:12.995448,mobile
622,152,2025-04-24 12:19:12.992456,2025-04-22 11:35:12.995451,desktop
623,246,2025-04-16 18:19:12.992458,2025-04-19 08:24:12.995455,desktop
624,406,2025-04-17 06:19:12.992460,2025-04-18 03:19:12.995458,desktop
625,69,2025-04-23 05:19:12.992462,2025-04-21 01:15:12.995461,desktop
626,312,2025-04-18 20:19:12.992464,2025-04-17 03:39:12.995465,mobile
627,289,2025-04-24 08:19:12.992466,2025-04-22 17:45:12.995468,desktop
628,250,2025-04-19 22:19:12.992467,2025-04-19 02:35:12.995472,desktop
629,36,2025-04-19 04:19:12.992470,2025-04-23 15:12:12.995475,desktop
630,239,2025-04-16 18:19:12.992472,2025-04-24 11:10:12.995478,mobile
631,148,2025-04-17 17:19:12.992474,2025-04-18 22:58:12.995482,mobile
632,467,2025-04-24 02:19:12.992476,2025-04-24 14:34:12.995485,mobile
633,227,2025-04-21 23:19:12.992477,2025-04-17 00:58:12.995489,mobile
634,244,2025-04-17 07:19:12.992479,2025-04-19 19:12:12.995492,mobile
635,491,2025-04-19 08:19:12.992481,2025-04-18 08:53:12.995495,mobile
636,337,2025-04-18 09:19:12.992483,2025-04-20 17:45:12.995499,mobile
637,446,2025-04-22 09:19:12.992485,2025-04-19 10:42:12.995502,desktop
638,365,2025-04-23 22:19:12.992487,2025-04-23 20:07:12.995505,desktop
639,491,2025-04-23 01:19:12.992489,2025-04-18 12:59:12.995509,desktop
640,482,2025-04-23 07:19:12.992491,2025-04-22 13:52:12.995512,mobile
641,201,2025-04-17 06:19:12.992493,2025-04-19 00:57:12.995515,mobile
642,154,2025-04-24 07:19:12.992495,2025-04-17 09:45:12.995519,mobile
643,450,2025-04-17 17:19:12.992497,2025-04-18 23:41:12.995522,mobile
644,73,2025-04-18 15:19:12.992499,2025-04-18 02:25:12.995525,mobile
645,201,2025-04-18 07:19:12.992501,2025-04-17 12:10:12.995529,desktop
646,296,2025-04-23 10:19:12.992503,2025-04-21 08:24:12.995532,desktop
647,17,2025-04-18 17:19:12.992504,2025-04-19 11:58:12.995535,mobile
648,129,2025-04-20 19:19:12.992506,2025-04-23 15:12:12.995539,mobile
649,217,2025-04-21 13:19:12.992509,2025-04-16 20:24:12.995542,mobile
650,61,2025-04-16 20:19:12.992511,2025-04-24 10:51:12.995545,mobile
651,427,2025-04-22 10:19:12.992513,2025-04-21 02:03:12.995549,desktop
652,104,2025-04-22 03:19:12.992514,2025-04-22 01:34:12.995552,mobile
653,42,2025-04-18 20:19:12.992516,2025-04-23 21:04:12.995555,mobile
654,25,2025-04-19 04:19:12.992518,2025-04-21 07:38:12.995559,mobile
655,39,2025-04-20 21:19:12.992520,2025-04-17 23:37:12.995562,mobile
656,291,2025-04-16 10:19:12.992522,2025-04-21 17:01:12.995566,desktop
657,131,2025-04-19 12:19:12.992524,2025-04-17 02:41:12.995569,mobile
658,498,2025-04-21 04:19:12.992526,2025-04-24 05:46:12.995573,mobile
659,229,2025-04-23 13:19:12.992529,2025-04-18 03:50:12.995576,desktop
660,108,2025-04-20 19:19:12.992531,2025-04-17 10:48:12.995580,desktop
661,172,2025-04-18 01:19:12.992533,2025-04-17 12:45:12.995583,desktop
662,435,2025-04-19 11:19:12.992535,2025-04-21 12:34:12.995586,mobile
663,478,2025-04-16 17:19:12.992536,2025-04-19 14:30:12.995590,mobile
664,102,2025-04-16 12:19:12.992538,2025-04-18 08:06:12.995593,desktop
665,354,2025-04-16 17:19:12.992540,2025-04-19 02:46:12.995596,desktop
666,12,2025-04-23 10:19:12.992542,2025-04-19 19:12:12.995599,desktop
667,275,2025-04-22 11:19:12.992544,2025-04-18 07:17:12.995603,desktop
668,101,2025-04-17 07:19:12.992546,2025-04-20 05:53:12.995606,desktop
669,44,2025-04-20 23:19:12.992548,2025-04-24 03:08:12.995610,desktop
670,443,2025-04-23 09:19:12.992550,2025-04-23 22:36:12.995613,mobile
671,305,2025-04-18 12:19:12.992552,2025-04-16 16:57:12.995616,mobile
672,445,2025-04-22 00:19:12.992554,2025-04-22 02:10:12.995620,mobile
673,17,2025-04-17 09:19:12.992556,2025-04-23 22:53:12.995623,desktop
674,330,2025-04-22 19:19:12.992558,2025-04-20 20:03:12.995627,desktop
675,57,2025-04-18 20:19:12.992560,2025-04-20 16:01:12.995630,desktop
676,311,2025-04-23 11:19:12.992562,2025-04-21 10:57:12.995633,desktop
677,497,2025-04-19 09:19:12.992564,2025-04-19 19:35:12.995637,desktop
678,303,2025-04-18 01:19:12.992566,2025-04-22 11:49:12.995640,desktop
679,12,2025-04-22 02:19:12.992568,2025-04-17 18:39:12.995643,mobile
680,318,2025-04-17 23:19:12.992570,2025-04-16 22:55:12.995647,mobile
681,80,2025-04-18 10:19:12.992572,2025-04-21 08:04:12.995650,desktop
682,216,2025-04-21 13:19:12.992574,2025-04-22 08:25:12.995653,mobile
683,339,2025-04-19 01:19:12.992576,2025-04-22 03:53:12.995657,desktop
684,264,2025-04-18 11:19:12.992578,2025-04-17 10:10:12.995660,mobile
685,479,2025-04-19 12:19:12.992580,2025-04-22 18:00:12.995663,desktop
686,149,2025-04-21 23:19:12.992582,2025-04-19 20:59:12.995667,desktop
687,81,2025-04-19 02:19:12.992584,2025-04-16 11:47:12.995670,mobile
688,215,2025-04-20 08:19:12.992586,2025-04-23 16:25:12.995673,mobile
689,485,2025-04-17 00:19:12.992588,2025-04-17 05:04:12.995677,desktop
690,374,2025-04-22 19:19:12.992590,2025-04-22 16:36:12.995680,desktop
691,464,2025-04-17 08:19:12.992592,2025-04-24 09:50:12.995683,mobile
692,198,2025-04-24 08:19:12.992594,2025-04-21 20:44:12.995687,mobile
693,200,2025-04-23 18:19:12.992596,2025-04-20 11:15:12.995690,desktop
694,25,2025-04-18 19:19:12.992598,2025-04-23 18:14:12.995693,mobile
695,466,2025-04-19 06:19:12.992600,2025-04-21 05:36:12.995697,desktop
696,89,2025-04-22 11:19:12.992602,2025-04-21 04:09:12.995700,desktop
697,268,2025-04-23 18:19:12.992604,2025-04-19 00:36:12.995704,desktop
698,143,2025-04-23 05:19:12.992606,2025-04-19 00:07:12.995707,desktop
699,59,2025-04-22 19:19:12.992608,2025-04-17 21:31:12.995711,mobile
700,410,2025-04-17 16:19:12.992610,2025-04-18 12:49:12.995714,mobile
701,489,2025-04-17 17:19:12.992612,2025-04-21 13:12:12.995717,mobile
702,365,2025-04-17 07:19:12.992614,2025-04-20 02:03:12.995720,mobile
703,26,2025-04-22 10:19:12.992616,2025-04-21 10:00:12.995724,mobile
704,47,2025-04-20 11:19:12.992617,2025-04-18 21:33:12.995727,mobile
705,288,2025-04-19 10:19:12.992619,2025-04-23 05:27:12.995731,mobile
706,266,2025-04-17 06:19:12.992621,2025-04-22 07:18:12.995734,desktop
707,16,2025-04-23 13:19:12.992623,2025-04-23 13:19:12.995737,mobile
708,199,2025-04-22 22:19:12.992625,2025-04-23 00:47:12.995741,mobile
709,401,2025-04-21 05:19:12.992627,2025-04-19 22:27:12.995744,desktop
710,407,2025-04-17 20:19:12.992629,2025-04-22 19:56:12.995748,mobile
711,282,2025-04-23 06:19:12.992631,2025-04-18 13:30:12.995751,mobile
712,469,2025-04-19 14:19:12.992633,2025-04-17 17:12:12.995754,desktop
713,86,2025-04-23 23:19:12.992635,2025-04-18 05:39:12.995758,mobile
714,250,2025-04-17 07:19:12.992637,2025-04-17 13:52:12.995761,mobile
715,391,2025-04-24 00:19:12.992639,2025-04-20 08:29:12.995765,mobile
716,270,2025-04-18 12:19:12.992641,2025-04-16 17:53:12.995768,desktop
717,335,2025-04-21 03:19:12.992643,2025-04-17 17:48:12.995771,mobile
718,117,2025-04-19 11:19:12.992645,2025-04-18 03:53:12.995775,mobile
719,7,2025-04-19 07:19:12.992647,2025-04-22 02:39:12.995778,desktop
720,137,2025-04-23 19:19:12.992649,2025-04-21 17:17:12.995781,mobile
721,371,2025-04-23 15:19:12.992651,2025-04-21 11:11:12.995785,desktop
722,176,2025-04-21 05:19:12.992653,2025-04-19 18:05:12.995788,desktop
723,328,2025-04-20 12:19:12.992655,2025-04-19 20:37:12.995791,mobile
724,498,2025-04-16 16:19:12.992657,2025-04-20 23:30:12.995795,desktop
725,315,2025-04-19 05:19:12.992659,2025-04-21 01:13:12.995798,desktop
726,215,2025-04-20 18:19:12.992661,2025-04-23 11:37:12.995801,mobile
727,477,2025-04-18 12:19:12.992663,2025-04-23 03:03:12.995805,desktop
728,82,2025-04-21 15:19:12.992665,2025-04-19 08:05:12.995808,desktop
729,223,2025-04-20 13:19:12.992667,2025-04-18 16:18:12.995811,mobile
730,478,2025-04-18 01:19:12.992669,2025-04-18 20:16:12.995815,mobile
731,372,2025-04-17 03:19:12.992671,2025-04-19 21:24:12.995818,mobile
732,423,2025-04-22 02:19:12.992672,2025-04-22 02:31:12.995822,desktop
733,483,2025-04-20 16:19:12.992674,2025-04-23 23:48:12.995825,mobile
734,402,2025-04-18 23:19:12.992676,2025-04-22 14:13:12.995828,desktop
735,443,2025-04-23 07:19:12.992678,2025-04-20 04:44:12.995832,desktop
736,490,2025-04-18 00:19:12.992680,2025-04-22 07:04:12.995835,desktop
737,103,2025-04-23 17:19:12.992682,2025-04-17 19:39:12.995838,desktop
738,273,2025-04-22 00:19:12.992684,2025-04-23 09:53:12.995842,desktop
739,14,2025-04-16 22:19:12.992686,2025-04-17 22:41:12.995845,desktop
740,159,2025-04-19 12:19:12.992688,2025-04-22 13:45:12.995848,desktop
741,152,2025-04-17 00:19:12.992690,2025-04-22 02:26:12.995852,mobile
742,483,2025-04-17 03:19:12.992692,2025-04-21 01:42:12.995855,mobile
743,108,2025-04-17 03:19:12.992694,2025-04-20 19:59:12.995858,desktop
744,188,2025-04-21 07:19:12.992696,2025-04-22 13:05:12.995862,desktop
745,301,2025-04-17 06:19:12.992697,2025-04-16 11:28:12.995865,mobile
746,98,2025-04-24 07:19:12.992699,2025-04-18 18:37:12.995868,desktop
747,131,2025-04-19 02:19:12.992701,2025-04-21 00:30:12.995872,mobile
748,293,2025-04-18 13:19:12.992703,2025-04-20 20:18:12.995875,mobile
749,171,2025-04-19 23:19:12.992705,2025-04-21 20:26:12.995878,mobile
750,424,2025-04-17 18:19:12.992707,2025-04-22 11:09:12.995882,desktop
751,474,2025-04-19 22:19:12.992709,2025-04-20 06:14:12.995885,desktop
752,183,2025-04-19 20:19:12.992711,2025-04-17 20:07:12.995888,mobile
753,471,2025-04-17 00:19:12.992713,2025-04-19 05:04:12.995892,mobile
754,364,2025-04-22 03:19:12.992715,2025-04-18 13:33:12.995895,mobile
755,39,2025-04-22 07:19:12.992717,2025-04-24 01:36:12.995898,mobile
756,15,2025-04-17 01:19:12.992719,2025-04-19 13:47:12.995902,mobile
757,376,2025-04-21 06:19:12.992721,2025-04-18 21:36:12.995905,desktop
758,497,2025-04-23 17:19:12.992723,2025-04-16 09:06:12.995908,mobile
759,4,2025-04-21 03:19:12.992726,2025-04-16 18:05:12.995912,desktop
760,349,2025-04-19 01:19:12.992727,2025-04-21 08:44:12.995916,mobile
761,470,2025-04-18 18:19:12.992729,2025-04-22 10:34:12.995919,desktop
762,409,2025-04-18 04:19:12.992734,2025-04-17 17:28:12.995925,desktop
763,397,2025-04-24 12:19:12.992736,2025-04-20 20:46:12.995928,desktop
764,210,2025-04-19 04:19:12.992738,2025-04-19 05:19:12.995931,desktop
765,161,2025-04-22 14:19:12.992740,2025-04-21 12:45:12.995935,desktop
766,16,2025-04-19 06:19:12.992742,2025-04-20 00:07:12.995938,desktop
767,493,2025-04-22 20:19:12.992744,2025-04-20 10:57:12.995942,mobile
768,426,2025-04-18 20:19:12.992746,2025-04-21 04:12:12.995945,desktop
769,108,2025-04-21 09:19:12.992748,2025-04-16 10:56:12.995948,mobile
770,382,2025-04-18 10:19:12.992750,2025-04-23 17:57:12.995952,desktop
771,450,2025-04-16 06:19:12.992752,2025-04-18 07:05:12.995968,desktop
772,311,2025-04-19 13:19:12.992754,2025-04-21 05:43:12.995971,mobile
773,227,2025-04-22 04:19:12.992756,2025-04-21 11:30:12.995975,desktop
774,170,2025-04-19 09:19:12.992758,2025-04-19 20:35:12.995978,mobile
775,34,2025-04-19 22:19:12.992760,2025-04-16 21:06:12.995981,mobile
776,414,2025-04-19 10:19:12.992762,2025-04-22 16:01:12.995985,mobile
777,251,2025-04-21 07:19:12.992764,2025-04-22 00:01:12.995988,mobile
778,247,2025-04-19 23:19:12.992766,2025-04-19 06:43:12.995991,desktop
779,269,2025-04-22 09:19:12.992768,2025-04-20 04:05:12.995995,desktop
780,141,2025-04-21 20:19:12.992770,2025-04-24 12:09:12.995998,mobile
781,274,2025-04-20 23:19:12.992772,2025-04-16 14:46:12.996001,desktop
782,416,2025-04-24 03:19:12.992774,2025-04-22 14:42:12.996005,desktop
783,96,2025-04-19 00:19:12.992776,2025-04-17 16:56:12.996010,mobile
784,227,2025-04-18 14:19:12.992777,2025-04-18 00:37:12.996017,desktop
785,379,2025-04-23 14:19:12.992779,2025-04-23 18:04:12.996023,mobile
786,39,2025-04-22 05:19:12.992781,2025-04-24 01:10:12.996028,mobile
787,302,2025-04-17 23:19:12.992783,2025-04-19 17:27:12.996034,desktop
788,500,2025-04-21 21:19:12.992785,2025-04-23 11:24:12.996040,desktop
789,29,2025-04-21 16:19:12.992787,2025-04-20 14:32:12.996045,desktop
790,446,2025-04-16 18:19:12.992790,2025-04-17 15:02:12.996052,mobile
791,497,2025-04-22 11:19:12.992792,2025-04-18 16:36:12.996058,mobile
792,477,2025-04-22 15:19:12.992794,2025-04-22 16:43:12.996063,desktop
793,318,2025-04-19 16:19:12.992796,2025-04-17 10:51:12.996066,desktop
794,245,2025-04-16 11:19:12.992798,2025-04-18 13:44:12.996070,desktop
795,236,2025-04-22 10:19:12.992800,2025-04-17 10:18:12.996073,desktop
796,185,2025-04-23 16:19:12.992802,2025-04-22 16:08:12.996076,mobile
797,272,2025-04-19 03:19:12.992804,2025-04-23 23:04:12.996080,desktop
798,440,2025-04-22 07:19:12.992806,2025-04-16 22:17:12.996083,mobile
799,236,2025-04-16 14:19:12.992808,2025-04-17 20:40:12.996087,mobile
800,239,2025-04-23 09:19:12.992810,2025-04-16 15:18:12.996090,desktop
801,377,2025-04-23 22:19:12.992812,2025-04-19 21:36:12.996093,desktop
802,266,2025-04-24 03:19:12.992814,2025-04-24 01:04:12.996097,desktop
803,414,2025-04-17 00:19:12.992816,2025-04-22 03:45:12.996100,mobile
804,409,2025-04-20 15:19:12.992818,2025-04-18 14:27:12.996103,desktop
805,359,2025-04-17 14:19:12.992819,2025-04-16 14:55:12.996107,desktop
806,340,2025-04-22 17:19:12.992821,2025-04-18 05:02:12.996110,mobile
807,389,2025-04-18 23:19:12.992823,2025-04-24 01:10:12.996113,desktop
808,65,2025-04-21 12:19:12.992825,2025-04-21 20:09:12.996118,mobile
809,478,2025-04-19 09:19:12.992827,2025-04-20 10:09:12.996124,desktop
810,177,2025-04-22 12:19:12.992829,2025-04-21 16:17:12.996129,mobile
811,3,2025-04-23 12:19:12.992831,2025-04-17 13:14:12.996134,desktop
812,429,2025-04-17 13:19:12.992833,2025-04-17 18:00:12.996140,desktop
813,142,2025-04-22 02:19:12.992835,2025-04-17 13:05:12.996145,mobile
814,376,2025-04-17 08:19:12.992837,2025-04-17 14:24:12.996150,mobile
815,158,2025-04-18 03:19:12.992839,2025-04-23 22:41:12.996155,desktop
816,498,2025-04-19 11:19:12.992841,2025-04-18 05:55:12.996161,mobile
817,324,2025-04-22 10:19:12.992843,2025-04-17 21:17:12.996166,mobile
818,146,2025-04-17 05:19:12.992845,2025-04-19 21:28:12.996172,mobile
819,446,2025-04-17 03:19:12.992847,2025-04-18 14:13:12.996177,mobile
820,293,2025-04-19 14:19:12.992849,2025-04-22 13:32:12.996183,desktop
821,153,2025-04-17 19:19:12.992851,2025-04-21 18:04:12.996189,desktop
822,432,2025-04-23 01:19:12.992852,2025-04-24 06:51:12.996194,mobile
823,193,2025-04-17 21:19:12.992854,2025-04-20 21:15:12.996200,mobile
824,437,2025-04-24 04:19:12.992856,2025-04-16 17:00:12.996205,mobile
825,494,2025-04-16 20:19:12.992858,2025-04-23 01:59:12.996211,mobile
826,463,2025-04-24 14:19:12.992860,2025-04-17 01:14:12.996217,desktop
827,73,2025-04-20 13:19:12.992862,2025-04-20 01:09:12.996224,desktop
828,399,2025-04-18 07:19:12.992864,2025-04-21 04:09:12.996228,mobile
829,305,2025-04-16 06:19:12.992866,2025-04-22 11:25:12.996232,mobile
830,377,2025-04-20 17:19:12.992868,2025-04-20 23:35:12.996235,mobile
831,344,2025-04-17 11:19:12.992870,2025-04-18 09:26:12.996239,desktop
832,452,2025-04-18 12:19:12.992872,2025-04-17 21:03:12.996242,mobile
833,140,2025-04-22 14:19:12.992874,2025-04-24 01:59:12.996246,desktop
834,187,2025-04-23 13:19:12.992876,2025-04-18 18:09:12.996249,mobile
835,293,2025-04-16 18:19:12.992878,2025-04-18 16:13:12.996253,desktop
836,61,2025-04-16 17:19:12.992880,2025-04-17 11:30:12.996256,mobile
837,485,2025-04-24 04:19:12.992881,2025-04-19 18:56:12.996259,desktop
838,427,2025-04-17 00:19:12.992883,2025-04-20 18:16:12.996263,mobile
839,380,2025-04-22 20:19:12.992886,2025-04-22 03:50:12.996266,mobile
840,198,2025-04-22 18:19:12.992889,2025-04-20 09:59:12.996269,mobile
841,295,2025-04-23 01:19:12.992892,2025-04-24 12:29:12.996273,desktop
842,440,2025-04-18 04:19:12.992896,2025-04-17 16:07:12.996276,mobile
843,319,2025-04-19 09:19:12.992899,2025-04-23 21:50:12.996279,desktop
844,302,2025-04-16 19:19:12.992902,2025-04-19 05:25:12.996283,desktop
845,344,2025-04-19 08:19:12.992905,2025-04-23 09:56:12.996286,mobile
846,11,2025-04-16 19:19:12.992908,2025-04-17 21:16:12.996289,mobile
847,62,2025-04-23 23:19:12.992911,2025-04-21 13:03:12.996293,mobile
848,333,2025-04-22 22:19:12.992915,2025-04-18 09:33:12.996296,desktop
849,226,2025-04-20 23:19:12.992918,2025-04-18 22:35:12.996299,mobile
850,153,2025-04-22 00:19:12.992922,2025-04-23 23:50:12.996303,desktop
851,199,2025-04-22 01:19:12.992925,2025-04-22 09:29:12.996306,desktop
852,52,2025-04-24 13:19:12.992928,2025-04-23 21:56:12.996309,mobile
853,260,2025-04-22 11:19:12.992932,2025-04-16 19:11:12.996313,mobile
854,59,2025-04-16 20:19:12.992935,2025-04-19 06:40:12.996316,mobile
855,72,2025-04-18 01:19:12.992938,2025-04-19 07:35:12.996319,mobile
856,148,2025-04-24 02:19:12.992942,2025-04-18 18:40:12.996323,mobile
857,349,2025-04-17 02:19:12.992945,2025-04-18 14:01:12.996326,mobile
858,63,2025-04-18 05:19:12.992948,2025-04-20 07:02:12.996329,desktop
859,310,2025-04-23 10:19:12.992952,2025-04-16 10:46:12.996333,desktop
860,373,2025-04-18 00:19:12.992954,2025-04-20 17:56:12.996337,desktop
861,243,2025-04-23 14:19:12.992956,2025-04-17 13:19:12.996340,mobile
862,493,2025-04-22 01:19:12.992961,2025-04-21 17:19:12.996347,desktop
863,366,2025-04-24 08:19:12.992963,2025-04-22 21:52:12.996350,desktop
864,330,2025-04-18 09:19:12.992965,2025-04-17 05:09:12.996353,desktop
865,107,2025-04-23 20:19:12.992967,2025-04-18 02:34:12.996357,desktop
866,226,2025-04-22 11:19:12.992969,2025-04-21 04:49:12.996360,desktop
867,313,2025-04-22 10:19:12.992971,2025-04-17 20:58:12.996364,mobile
868,218,2025-04-21 08:19:12.992973,2025-04-24 03:27:12.996367,mobile
869,425,2025-04-24 09:19:12.992975,2025-04-22 17:54:12.996371,desktop
870,241,2025-04-22 03:19:12.992977,2025-04-19 14:59:12.996374,desktop
871,259,2025-04-23 09:19:12.992979,2025-04-24 02:14:12.996395,desktop
872,376,2025-04-19 04:19:12.992981,2025-04-19 02:25:12.996402,mobile
873,262,2025-04-18 08:19:12.992983,2025-04-21 00:13:12.996408,mobile
874,5,2025-04-19 03:19:12.992985,2025-04-16 10:49:12.996412,desktop
875,261,2025-04-20 12:19:12.992987,2025-04-22 12:19:12.996416,mobile
876,54,2025-04-18 04:19:12.992989,2025-04-24 03:02:12.996419,mobile
877,47,2025-04-24 10:19:12.992991,2025-04-18 23:34:12.996423,desktop
878,215,2025-04-19 00:19:12.992993,2025-04-16 23:37:12.996426,mobile
879,177,2025-04-16 20:19:12.992995,2025-04-18 09:32:12.996429,mobile
880,9,2025-04-21 11:19:12.992997,2025-04-23 20:17:12.996433,desktop
881,99,2025-04-17 21:19:12.992999,2025-04-18 08:13:12.996436,mobile
882,20,2025-04-24 05:19:12.993001,2025-04-16 11:58:12.996439,mobile
883,378,2025-04-16 12:19:12.993003,2025-04-19 12:31:12.996443,desktop
884,241,2025-04-17 12:19:12.993005,2025-04-20 19:12:12.996446,mobile
885,61,2025-04-17 20:19:12.993007,2025-04-23 08:07:12.996450,mobile
886,379,2025-04-21 06:19:12.993009,2025-04-17 05:40:12.996453,desktop
887,490,2025-04-17 20:19:12.993011,2025-04-16 08:04:12.996456,desktop
888,419,2025-04-21 02:19:12.993013,2025-04-19 09:48:12.996460,desktop
889,178,2025-04-21 08:19:12.993015,2025-04-21 11:10:12.996463,mobile
890,338,2025-04-16 06:19:12.993017,2025-04-17 03:09:12.996466,desktop
891,62,2025-04-22 19:19:12.993018,2025-04-21 05:43:12.996470,mobile
892,145,2025-04-24 06:19:12.993020,2025-04-16 16:34:12.996473,desktop
893,216,2025-04-22 16:19:12.993022,2025-04-21 09:31:12.996476,mobile
894,3,2025-04-17 08:19:12.993024,2025-04-19 23:19:12.996480,desktop
895,160,2025-04-16 20:19:12.993026,2025-04-19 10:48:12.996483,desktop
896,227,2025-04-21 18:19:12.993028,2025-04-23 02:34:12.996486,desktop
897,486,2025-04-17 05:19:12.993030,2025-04-17 18:16:12.996490,desktop
898,269,2025-04-18 22:19:12.993032,2025-04-24 11:13:12.996493,mobile
899,120,2025-04-19 20:19:12.993034,2025-04-19 07:43:12.996496,desktop
900,381,2025-04-21 17:19:12.993036,2025-04-22 23:28:12.996500,desktop
901,495,2025-04-17 01:19:12.993038,2025-04-19 21:52:12.996503,mobile
902,89,2025-04-17 15:19:12.993040,2025-04-16 08:41:12.996506,desktop
903,329,2025-04-24 05:19:12.993042,2025-04-17 22:37:12.996510,mobile
904,68,2025-04-21 09:19:12.993044,2025-04-17 11:04:12.996513,desktop
905,398,2025-04-21 16:19:12.993046,2025-04-20 14:17:12.996516,desktop
906,357,2025-04-19 03:19:12.993048,2025-04-20 04:50:12.996520,desktop
907,98,2025-04-21 00:19:12.993050,2025-04-18 21:12:12.996523,mobile
908,267,2025-04-21 13:19:12.993052,2025-04-20 02:57:12.996526,desktop
909,105,2025-04-21 07:19:12.993054,2025-04-23 09:57:12.996530,desktop
910,440,2025-04-24 01:19:12.993056,2025-04-20 00:06:12.996533,desktop
911,323,2025-04-16 12:19:12.993057,2025-04-20 12:24:12.996536,mobile
912,123,2025-04-23 01:19:12.993059,2025-04-17 18:53:12.996540,mobile
913,476,2025-04-17 14:19:12.993061,2025-04-20 18:54:12.996543,desktop
914,29,2025-04-19 14:19:12.993063,2025-04-22 22:42:12.996547,mobile
915,137,2025-04-18 17:19:12.993065,2025-04-18 01:49:12.996551,desktop
916,195,2025-04-17 06:19:12.993067,2025-04-23 13:16:12.996554,desktop
917,409,2025-04-22 02:19:12.993069,2025-04-16 21:26:12.996557,desktop
918,226,2025-04-18 03:19:12.993071,2025-04-19 19:56:12.996561,desktop
919,332,2025-04-18 18:19:12.993073,2025-04-19 19:13:12.996564,desktop
920,170,2025-04-21 17:19:12.993075,2025-04-21 05:36:12.996567,desktop
921,9,2025-04-22 22:19:12.993077,2025-04-19 00:18:12.996571,desktop
922,463,2025-04-22 04:19:12.993079,2025-04-19 07:44:12.996574,mobile
923,40,2025-04-20 21:19:12.993081,2025-04-18 00:35:12.996578,mobile
924,25,2025-04-23 07:19:12.993083,2025-04-17 04:25:12.996581,mobile
925,261,2025-04-21 16:19:12.993084,2025-04-24 01:06:12.996584,mobile
926,395,2025-04-16 22:19:12.993086,2025-04-18 15:34:12.996587,mobile
927,443,2025-04-16 20:19:12.993088,2025-04-22 01:30:12.996591,mobile
928,226,2025-04-16 17:19:12.993090,2025-04-16 08:52:12.996594,mobile
929,472,2025-04-22 02:19:12.993092,2025-04-20 21:37:12.996597,desktop
930,124,2025-04-21 02:19:12.993094,2025-04-22 13:29:12.996601,desktop
931,463,2025-04-22 16:19:12.993096,2025-04-17 11:38:12.996604,desktop
932,38,2025-04-23 01:19:12.993098,2025-04-19 19:12:12.996607,desktop
933,328,2025-04-24 02:19:12.993100,2025-04-23 05:32:12.996611,mobile
934,251,2025-04-20 05:19:12.993102,2025-04-22 01:31:12.996614,mobile
935,389,2025-04-21 22:19:12.993104,2025-04-24 15:16:12.996617,desktop
936,176,2025-04-24 14:19:12.993106,2025-04-18 09:26:12.996621,desktop
937,90,2025-04-21 01:19:12.993110,2025-04-16 22:15:12.996624,mobile
938,402,2025-04-17 01:19:12.993112,2025-04-23 06:55:12.996628,desktop
939,454,2025-04-22 17:19:12.993114,2025-04-19 19:34:12.996631,desktop
940,37,2025-04-16 20:19:12.993116,2025-04-22 01:16:12.996634,desktop
941,316,2025-04-21 06:19:12.993119,2025-04-23 07:34:12.996638,desktop
942,176,2025-04-17 13:19:12.993121,2025-04-21 23:48:12.996641,mobile
943,461,2025-04-20 16:19:12.993123,2025-04-20 09:50:12.996644,desktop
944,284,2025-04-16 12:19:12.993125,2025-04-21 07:11:12.996648,desktop
945,453,2025-04-22 13:19:12.993127,2025-04-21 10:55:12.996651,mobile
946,461,2025-04-18 11:19:12.993129,2025-04-17 13:09:12.996654,mobile
947,81,2025-04-17 08:19:12.993131,2025-04-17 22:06:12.996658,desktop
948,114,2025-04-20 10:19:12.993133,2025-04-17 11:55:12.996661,mobile
949,40,2025-04-21 17:19:12.993135,2025-04-19 11:53:12.996664,desktop
950,301,2025-04-23 11:19:12.993137,2025-04-21 03:36:12.996668,desktop
951,224,2025-04-17 03:19:12.993138,2025-04-24 11:18:12.996671,mobile
952,318,2025-04-24 08:19:12.993140,2025-04-21 03:16:12.996674,desktop
953,349,2025-04-20 03:19:12.993142,2025-04-16 23:50:12.996677,desktop
954,115,2025-04-22 18:19:12.993144,2025-04-21 19:38:12.996681,desktop
955,186,2025-04-20 21:19:12.993146,2025-04-18 03:17:12.996684,desktop
956,323,2025-04-19 15:19:12.993148,2025-04-18 23:59:12.996688,mobile
957,56,2025-04-23 08:19:12.993150,2025-04-17 13:54:12.996691,mobile
958,40,2025-04-17 23:19:12.993152,2025-04-23 23:56:12.996695,desktop
959,354,2025-04-23 00:19:12.993155,2025-04-24 04:54:12.996700,mobile
960,40,2025-04-17 16:19:12.993157,2025-04-20 19:14:12.996703,desktop
961,347,2025-04-21 02:19:12.993159,2025-04-22 16:44:12.996706,desktop
962,461,2025-04-22 22:19:12.993161,2025-04-22 04:29:12.996710,desktop
963,237,2025-04-24 03:19:12.993163,2025-04-18 12:31:12.996713,desktop
964,289,2025-04-19 00:19:12.993165,2025-04-18 10:05:12.996717,desktop
965,262,2025-04-17 19:19:12.993167,2025-04-21 10:26:12.996720,mobile
966,216,2025-04-21 22:19:12.993169,2025-04-16 20:43:12.996723,desktop
967,147,2025-04-17 03:19:12.993171,2025-04-16 12:16:12.996727,mobile
968,336,2025-04-18 01:19:12.993173,2025-04-21 17:28:12.996730,mobile
969,168,2025-04-17 22:19:12.993175,2025-04-17 08:42:12.996734,desktop
970,92,2025-04-21 19:19:12.993177,2025-04-18 02:45:12.996737,desktop
971,353,2025-04-19 15:19:12.993179,2025-04-22 16:34:12.996740,desktop
972,59,2025-04-21 09:19:12.993181,2025-04-16 22:24:12.996744,desktop
973,59,2025-04-22 19:19:12.993183,2025-04-22 12:16:12.996747,desktop
974,304,2025-04-23 13:19:12.993187,2025-04-19 07:25:12.996754,mobile
975,169,2025-04-16 13:19:12.993189,2025-04-18 05:01:12.996757,desktop
976,269,2025-04-16 19:19:12.993191,2025-04-21 15:17:12.996761,desktop
977,363,2025-04-24 12:19:12.993193,2025-04-16 07:04:12.996764,mobile
978,45,2025-04-18 01:19:12.993195,2025-04-16 22:11:12.996767,mobile
979,345,2025-04-16 17:19:12.993197,2025-04-22 10:41:12.996771,desktop
980,181,2025-04-20 11:19:12.993199,2025-04-17 05:19:12.996774,mobile
981,170,2025-04-18 12:19:12.993201,2025-04-24 10:26:12.996777,desktop
982,356,2025-04-20 05:19:12.993203,2025-04-22 16:34:12.996781,mobile
983,191,2025-04-24 13:19:12.993205,2025-04-21 15:57:12.996784,mobile
984,155,2025-04-21 19:19:12.993207,2025-04-16 15:53:12.996787,desktop
985,422,2025-04-18 21:19:12.993209,2025-04-16 15:59:12.996791,mobile
986,188,2025-04-18 11:19:12.993211,2025-04-23 10:32:12.996794,mobile
987,7,2025-04-23 05:19:12.993213,2025-04-23 02:58:12.996797,mobile
988,133,2025-04-24 14:19:12.993215,2025-04-22 11:47:12.996801,mobile
989,235,2025-04-18 20:19:12.993217,2025-04-18 10:35:12.996804,mobile
990,45,2025-04-20 16:19:12.993218,2025-04-21 03:04:12.996807,mobile
991,314,2025-04-18 04:19:12.993220,2025-04-22 10:37:12.996811,desktop
992,249,2025-04-19 01:19:12.993222,2025-04-22 01:14:12.996814,desktop
993,499,2025-04-22 08:19:12.993224,2025-04-18 05:00:12.996817,mobile
994,31,2025-04-20 01:19:12.993226,2025-04-18 17:52:12.996821,desktop
995,23,2025-04-19 12:19:12.993228,2025-04-20 17:09:12.996824,desktop
996,426,2025-04-21 22:19:12.993230,2025-04-19 14:03:12.996827,desktop
997,394,2025-04-19 19:19:12.993232,2025-04-22 12:19:12.996831,mobile
998,160,2025-04-19 01:19:12.993234,2025-04-19 06:45:12.996834,desktop
999,363,2025-04-17 15:19:12.993236,2025-04-24 11:03:12.996837,mobile
1000,437,2025-04-23 11:19:12.993238,2025-04-18 09:48:12.996841,desktop
