transaction_id,user_id,amount,currency,transaction_type,timestamp
1,427,151.32,USD,deposit,2025-03-11 14:19:13.004956
2,143,480.96,USD,deposit,2025-04-16 14:19:13.004979
3,342,200.85,USD,deposit,2025-04-10 14:19:13.004982
4,316,198.9,USD,deposit,2025-04-16 14:19:13.004984
5,101,176.79,USD,deposit,2025-04-01 14:19:13.004985
6,244,275.29,USD,deposit,2025-02-28 14:19:13.004988
7,490,85.53,USD,deposit,2025-04-13 14:19:13.004990
8,12,281.32,USD,withdrawal,2025-03-31 14:19:13.004993
9,239,275.44,USD,withdrawal,2025-04-12 14:19:13.004996
10,49,383.33,USD,deposit,2025-04-16 14:19:13.004999
11,42,418.49,USD,deposit,2025-02-26 14:19:13.005001
12,166,225.82,USD,deposit,2025-04-08 14:19:13.005003
13,82,158.14,USD,deposit,2025-03-20 14:19:13.005005
14,429,137.07,USD,deposit,2025-04-14 14:19:13.005019
15,291,105.37,USD,deposit,2025-04-24 14:19:13.005021
16,158,38.25,USD,deposit,2025-04-09 14:19:13.005022
17,216,177.8,USD,deposit,2025-03-23 14:19:13.005025
18,490,142.42,USD,deposit,2025-03-17 14:19:13.005027
19,158,483.54,USD,withdrawal,2025-03-28 14:19:13.005028
20,462,283.28,USD,withdrawal,2025-04-01 14:19:13.005030
21,134,180.17,USD,deposit,2025-03-16 14:19:13.005032
22,67,294.43,USD,deposit,2025-02-24 14:19:13.005033
23,336,78.21,USD,withdrawal,2025-04-23 14:19:13.005035
24,7,227.58,USD,withdrawal,2025-03-27 14:19:13.005037
25,436,316.85,USD,deposit,2025-03-03 14:19:13.005038
26,14,249.56,USD,deposit,2025-03-05 14:19:13.005042
27,73,206.87,USD,deposit,2025-04-05 14:19:13.005044
28,399,496.99,USD,deposit,2025-03-30 14:19:13.005045
29,405,441.35,USD,deposit,2025-04-08 14:19:13.005047
30,163,315.47,USD,deposit,2025-03-08 14:19:13.005048
31,66,288.99,USD,deposit,2025-03-10 14:19:13.005050
32,347,314.12,USD,deposit,2025-03-02 14:19:13.005051
33,130,108.64,USD,withdrawal,2025-03-24 14:19:13.005053
34,419,203.62,USD,deposit,2025-03-30 14:19:13.005055
35,466,29.34,USD,deposit,2025-03-14 14:19:13.005056
36,206,243.02,USD,deposit,2025-04-16 14:19:13.005058
37,276,276.08,USD,deposit,2025-03-02 14:19:13.005059
38,466,121.6,USD,withdrawal,2025-03-18 14:19:13.005061
39,256,482.37,USD,deposit,2025-04-21 14:19:13.005062
40,266,455.63,USD,deposit,2025-03-30 14:19:13.005064
41,25,363.85,USD,withdrawal,2025-03-15 14:19:13.005066
42,450,271.36,USD,deposit,2025-03-02 14:19:13.005068
43,281,436.28,USD,withdrawal,2025-03-11 14:19:13.005069
44,253,74.02,USD,deposit,2025-03-03 14:19:13.005071
45,310,397.35,USD,deposit,2025-02-23 14:19:13.005072
46,289,71.16,USD,deposit,2025-04-13 14:19:13.005074
47,164,399.16,USD,deposit,2025-03-31 14:19:13.005075
48,95,145.13,USD,withdrawal,2025-04-23 14:19:13.005077
49,270,439.77,USD,withdrawal,2025-03-08 14:19:13.005078
50,321,472.58,USD,deposit,2025-03-09 14:19:13.005080
51,110,82.91,USD,deposit,2025-03-01 14:19:13.005083
52,336,236.71,USD,withdrawal,2025-03-14 14:19:13.005084
53,310,490.68,USD,withdrawal,2025-02-28 14:19:13.005086
54,238,246.87,USD,deposit,2025-03-05 14:19:13.005088
55,381,433.14,USD,deposit,2025-03-12 14:19:13.005089
56,436,298.48,USD,deposit,2025-03-22 14:19:13.005091
57,387,193.91,USD,withdrawal,2025-03-04 14:19:13.005092
58,483,150.03,USD,deposit,2025-03-22 14:19:13.005094
59,425,109.58,USD,deposit,2025-04-09 14:19:13.005095
60,390,383.28,USD,withdrawal,2025-02-26 14:19:13.005097
61,25,199.4,USD,deposit,2025-02-27 14:19:13.005098
62,141,260.52,USD,deposit,2025-03-21 14:19:13.005100
63,117,251.24,USD,deposit,2025-03-28 14:19:13.005102
64,482,292.87,USD,deposit,2025-03-30 14:19:13.005103
65,392,434.13,USD,deposit,2025-02-23 14:19:13.005105
66,405,490.56,USD,deposit,2025-03-26 14:19:13.005107
67,482,209.72,USD,deposit,2025-03-27 14:19:13.005108
68,452,415.48,USD,deposit,2025-04-10 14:19:13.005110
69,25,384.62,USD,withdrawal,2025-03-20 14:19:13.005111
70,79,291.03,USD,withdrawal,2025-02-23 14:19:13.005113
71,68,478.46,USD,deposit,2025-04-19 14:19:13.005114
72,173,108.23,USD,deposit,2025-03-22 14:19:13.005116
73,444,63.54,USD,deposit,2025-03-31 14:19:13.005117
74,12,428.44,USD,deposit,2025-04-02 14:19:13.005119
75,288,225.18,USD,deposit,2025-03-16 14:19:13.005120
76,128,425.01,USD,deposit,2025-03-17 14:19:13.005122
77,96,447.61,USD,deposit,2025-03-10 14:19:13.005123
78,92,40.6,USD,deposit,2025-04-19 14:19:13.005126
79,141,442.9,USD,deposit,2025-03-13 14:19:13.005128
80,31,229.68,USD,deposit,2025-04-17 14:19:13.005129
81,334,260.11,USD,deposit,2025-04-07 14:19:13.005131
82,20,317.03,USD,deposit,2025-03-21 14:19:13.005132
83,146,463.93,USD,deposit,2025-03-23 14:19:13.005134
84,477,19.37,USD,withdrawal,2025-04-01 14:19:13.005135
85,316,243.65,USD,withdrawal,2025-03-15 14:19:13.005137
86,447,346.98,USD,deposit,2025-04-03 14:19:13.005138
87,390,364.13,USD,deposit,2025-03-06 14:19:13.005140
88,160,349.34,USD,deposit,2025-04-23 14:19:13.005141
89,349,75.87,USD,deposit,2025-04-04 14:19:13.005143
90,43,156.7,USD,deposit,2025-03-01 14:19:13.005144
91,254,185.77,USD,withdrawal,2025-04-17 14:19:13.005146
92,130,404.17,USD,deposit,2025-03-13 14:19:13.005147
93,60,146.59,USD,withdrawal,2025-03-14 14:19:13.005149
94,151,113.25,USD,deposit,2025-03-07 14:19:13.005151
95,467,479.15,USD,deposit,2025-03-06 14:19:13.005152
96,287,14.34,USD,withdrawal,2025-03-22 14:19:13.005154
97,499,498.93,USD,deposit,2025-03-10 14:19:13.005155
98,5,341.64,USD,deposit,2025-03-18 14:19:13.005157
99,467,415.95,USD,deposit,2025-02-26 14:19:13.005158
100,418,154.36,USD,deposit,2025-03-28 14:19:13.005160
101,266,17.01,USD,withdrawal,2025-02-28 14:19:13.005162
102,345,371.56,USD,deposit,2025-04-06 14:19:13.005163
103,130,418.73,USD,withdrawal,2025-04-21 14:19:13.005165
104,382,372.83,USD,withdrawal,2025-04-06 14:19:13.005166
105,267,80.0,USD,withdrawal,2025-03-07 14:19:13.005168
106,178,379.18,USD,deposit,2025-04-23 14:19:13.005169
107,253,386.77,USD,deposit,2025-04-06 14:19:13.005171
108,415,332.68,USD,withdrawal,2025-03-28 14:19:13.005172
109,56,385.4,USD,deposit,2025-04-06 14:19:13.005174
110,463,424.5,USD,deposit,2025-04-03 14:19:13.005176
111,457,310.67,USD,deposit,2025-04-06 14:19:13.005178
112,471,53.42,USD,deposit,2025-04-07 14:19:13.005179
113,83,248.94,USD,deposit,2025-03-31 14:19:13.005181
114,393,48.05,USD,deposit,2025-04-04 14:19:13.005182
115,99,209.7,USD,deposit,2025-03-02 14:19:13.005184
116,149,209.48,USD,withdrawal,2025-04-03 14:19:13.005185
117,329,42.34,USD,deposit,2025-02-28 14:19:13.005187
118,156,180.92,USD,withdrawal,2025-02-27 14:19:13.005188
119,190,64.39,USD,deposit,2025-04-24 14:19:13.005190
120,494,406.04,USD,withdrawal,2025-03-21 14:19:13.005191
121,371,474.37,USD,deposit,2025-03-30 14:19:13.005193
122,263,45.44,USD,withdrawal,2025-04-12 14:19:13.005195
123,80,478.01,USD,deposit,2025-03-04 14:19:13.005197
124,400,266.06,USD,withdrawal,2025-03-21 14:19:13.005198
125,252,156.79,USD,deposit,2025-03-12 14:19:13.005200
126,97,47.66,USD,withdrawal,2025-03-04 14:19:13.005201
127,260,255.31,USD,withdrawal,2025-03-10 14:19:13.005203
128,260,399.31,USD,deposit,2025-03-19 14:19:13.005204
129,103,356.47,USD,deposit,2025-03-21 14:19:13.005206
130,40,34.61,USD,withdrawal,2025-04-14 14:19:13.005208
131,273,45.72,USD,deposit,2025-04-06 14:19:13.005210
132,101,207.41,USD,withdrawal,2025-03-20 14:19:13.005211
133,359,154.69,USD,deposit,2025-04-07 14:19:13.005213
134,380,123.87,USD,deposit,2025-03-13 14:19:13.005214
135,308,147.69,USD,withdrawal,2025-02-27 14:19:13.005216
136,221,403.71,USD,deposit,2025-03-09 14:19:13.005217
137,308,465.32,USD,withdrawal,2025-03-25 14:19:13.005219
138,420,208.5,USD,deposit,2025-03-06 14:19:13.005221
139,124,453.99,USD,deposit,2025-03-12 14:19:13.005223
140,422,167.53,USD,deposit,2025-03-09 14:19:13.005224
141,231,243.45,USD,deposit,2025-04-22 14:19:13.005226
142,178,120.75,USD,deposit,2025-03-29 14:19:13.005227
143,63,323.83,USD,deposit,2025-03-17 14:19:13.005229
144,485,489.7,USD,deposit,2025-03-05 14:19:13.005230
145,116,305.71,USD,deposit,2025-03-01 14:19:13.005232
146,191,185.33,USD,withdrawal,2025-03-15 14:19:13.005234
147,62,327.43,USD,deposit,2025-04-11 14:19:13.005237
148,256,70.23,USD,deposit,2025-03-16 14:19:13.005240
149,483,445.44,USD,deposit,2025-04-18 14:19:13.005242
150,7,256.51,USD,deposit,2025-03-11 14:19:13.005246
151,155,230.18,USD,withdrawal,2025-04-08 14:19:13.005248
152,92,297.07,USD,deposit,2025-03-28 14:19:13.005251
153,470,316.14,USD,deposit,2025-03-26 14:19:13.005253
154,14,45.17,USD,deposit,2025-04-20 14:19:13.005256
155,455,344.48,USD,deposit,2025-03-12 14:19:13.005258
156,229,128.55,USD,withdrawal,2025-03-29 14:19:13.005260
157,86,359.84,USD,deposit,2025-03-11 14:19:13.005263
158,133,413.04,USD,withdrawal,2025-03-26 14:19:13.005265
159,183,403.94,USD,deposit,2025-04-18 14:19:13.005268
160,386,280.73,USD,deposit,2025-04-17 14:19:13.005271
161,62,264.88,USD,withdrawal,2025-03-01 14:19:13.005273
162,219,80.01,USD,deposit,2025-03-07 14:19:13.005276
163,405,389.92,USD,deposit,2025-04-23 14:19:13.005279
164,246,142.99,USD,deposit,2025-03-27 14:19:13.005281
165,230,253.38,USD,deposit,2025-03-01 14:19:13.005284
166,79,149.29,USD,deposit,2025-04-13 14:19:13.005286
167,149,75.58,USD,deposit,2025-04-01 14:19:13.005289
168,138,318.48,USD,deposit,2025-03-18 14:19:13.005292
169,471,36.62,USD,deposit,2025-03-18 14:19:13.005295
170,314,376.84,USD,deposit,2025-03-10 14:19:13.005298
171,376,165.62,USD,deposit,2025-03-18 14:19:13.005300
172,423,10.07,USD,deposit,2025-04-23 14:19:13.005303
173,389,260.45,USD,deposit,2025-03-10 14:19:13.005306
174,65,32.96,USD,withdrawal,2025-04-10 14:19:13.005310
175,13,145.32,USD,deposit,2025-03-23 14:19:13.005312
176,213,356.42,USD,withdrawal,2025-02-28 14:19:13.005313
177,474,40.72,USD,deposit,2025-03-16 14:19:13.005315
178,242,421.28,USD,deposit,2025-04-02 14:19:13.005316
179,493,11.87,USD,deposit,2025-04-13 14:19:13.005318
180,213,130.94,USD,deposit,2025-04-20 14:19:13.005319
181,181,373.04,USD,deposit,2025-03-27 14:19:13.005321
182,338,164.97,USD,deposit,2025-04-19 14:19:13.005323
183,485,59.93,USD,deposit,2025-04-21 14:19:13.005324
184,173,186.51,USD,withdrawal,2025-04-23 14:19:13.005326
185,160,142.49,USD,deposit,2025-04-05 14:19:13.005327
186,164,422.93,USD,deposit,2025-02-24 14:19:13.005329
187,465,163.54,USD,withdrawal,2025-04-18 14:19:13.005330
188,483,396.58,USD,deposit,2025-03-25 14:19:13.005332
189,497,447.02,USD,deposit,2025-03-19 14:19:13.005334
190,188,222.57,USD,deposit,2025-03-10 14:19:13.005335
191,395,455.87,USD,withdrawal,2025-03-10 14:19:13.005337
192,191,194.89,USD,withdrawal,2025-04-16 14:19:13.005338
193,405,482.4,USD,deposit,2025-02-27 14:19:13.005340
194,308,53.75,USD,deposit,2025-03-16 14:19:13.005341
195,256,346.64,USD,withdrawal,2025-03-29 14:19:13.005343
196,183,251.97,USD,deposit,2025-03-28 14:19:13.005344
197,117,199.95,USD,deposit,2025-03-19 14:19:13.005346
198,282,320.03,USD,deposit,2025-03-12 14:19:13.005347
199,196,354.89,USD,deposit,2025-02-27 14:19:13.005349
200,34,12.14,USD,deposit,2025-03-20 14:19:13.005350
201,52,91.81,USD,deposit,2025-02-28 14:19:13.005353
202,112,359.39,USD,deposit,2025-04-16 14:19:13.005356
203,252,336.53,USD,deposit,2025-02-23 14:19:13.005359
204,82,483.36,USD,withdrawal,2025-03-20 14:19:13.005362
205,232,382.91,USD,deposit,2025-04-05 14:19:13.005364
206,227,475.88,USD,deposit,2025-04-01 14:19:13.005366
207,233,354.24,USD,deposit,2025-04-12 14:19:13.005369
208,221,156.05,USD,deposit,2025-03-25 14:19:13.005371
209,436,61.63,USD,deposit,2025-03-31 14:19:13.005374
210,413,393.09,USD,deposit,2025-04-11 14:19:13.005377
211,422,325.63,USD,withdrawal,2025-02-27 14:19:13.005379
212,42,33.61,USD,withdrawal,2025-04-11 14:19:13.005381
213,21,186.42,USD,deposit,2025-03-16 14:19:13.005383
214,42,478.83,USD,deposit,2025-04-04 14:19:13.005385
215,397,255.2,USD,deposit,2025-04-18 14:19:13.005386
216,113,222.04,USD,withdrawal,2025-04-19 14:19:13.005387
217,105,234.27,USD,withdrawal,2025-03-07 14:19:13.005389
218,192,112.35,USD,deposit,2025-03-12 14:19:13.005390
219,17,190.67,USD,deposit,2025-03-06 14:19:13.005392
220,120,191.21,USD,withdrawal,2025-03-30 14:19:13.005394
221,393,35.65,USD,deposit,2025-04-08 14:19:13.005395
222,425,386.11,USD,deposit,2025-02-25 14:19:13.005397
223,129,214.09,USD,deposit,2025-03-14 14:19:13.005398
224,130,412.87,USD,deposit,2025-03-12 14:19:13.005400
225,60,426.67,USD,withdrawal,2025-03-02 14:19:13.005401
226,48,113.88,USD,withdrawal,2025-04-16 14:19:13.005403
227,29,332.1,USD,deposit,2025-04-02 14:19:13.005404
228,97,241.42,USD,deposit,2025-04-07 14:19:13.005406
229,10,441.28,USD,deposit,2025-03-25 14:19:13.005407
230,242,115.71,USD,deposit,2025-03-14 14:19:13.005409
231,314,342.13,USD,deposit,2025-04-16 14:19:13.005410
232,444,307.8,USD,deposit,2025-04-03 14:19:13.005412
233,232,154.7,USD,deposit,2025-04-13 14:19:13.005413
234,277,76.93,USD,deposit,2025-03-11 14:19:13.005416
235,284,329.3,USD,deposit,2025-04-24 14:19:13.005418
236,203,371.91,USD,deposit,2025-03-28 14:19:13.005420
237,247,164.66,USD,deposit,2025-04-02 14:19:13.005421
238,290,325.97,USD,deposit,2025-03-30 14:19:13.005423
239,264,203.61,USD,withdrawal,2025-04-11 14:19:13.005424
240,443,359.47,USD,deposit,2025-03-30 14:19:13.005427
241,214,107.62,USD,deposit,2025-04-11 14:19:13.005428
242,200,446.21,USD,withdrawal,2025-04-12 14:19:13.005430
243,433,150.83,USD,withdrawal,2025-04-07 14:19:13.005431
244,79,190.22,USD,deposit,2025-03-24 14:19:13.005433
245,401,38.47,USD,withdrawal,2025-03-20 14:19:13.005435
246,444,64.64,USD,deposit,2025-03-01 14:19:13.005438
247,343,262.77,USD,deposit,2025-03-24 14:19:13.005440
248,344,141.12,USD,deposit,2025-03-23 14:19:13.005443
249,173,419.39,USD,deposit,2025-04-19 14:19:13.005445
250,467,17.2,USD,deposit,2025-04-04 14:19:13.005448
251,69,195.76,USD,deposit,2025-03-21 14:19:13.005450
252,416,175.3,USD,deposit,2025-03-10 14:19:13.005452
253,428,19.47,USD,deposit,2025-03-26 14:19:13.005455
254,449,70.94,USD,deposit,2025-03-20 14:19:13.005458
255,87,212.68,USD,deposit,2025-03-31 14:19:13.005461
256,101,251.5,USD,deposit,2025-04-20 14:19:13.005462
257,8,208.1,USD,withdrawal,2025-03-22 14:19:13.005464
258,333,270.16,USD,withdrawal,2025-03-02 14:19:13.005465
259,200,301.61,USD,withdrawal,2025-03-05 14:19:13.005467
260,87,14.86,USD,deposit,2025-04-03 14:19:13.005468
261,43,237.41,USD,withdrawal,2025-04-19 14:19:13.005470
262,385,482.11,USD,deposit,2025-03-09 14:19:13.005471
263,109,264.33,USD,deposit,2025-03-31 14:19:13.005473
264,435,342.0,USD,deposit,2025-03-05 14:19:13.005475
265,408,162.81,USD,deposit,2025-04-24 14:19:13.005476
266,483,389.26,USD,deposit,2025-02-28 14:19:13.005478
267,152,388.73,USD,deposit,2025-03-21 14:19:13.005479
268,17,265.44,USD,withdrawal,2025-02-27 14:19:13.005481
269,133,488.25,USD,deposit,2025-03-19 14:19:13.005482
270,148,71.52,USD,deposit,2025-03-06 14:19:13.005484
271,277,18.3,USD,withdrawal,2025-04-22 14:19:13.005486
272,232,387.38,USD,deposit,2025-03-21 14:19:13.005487
273,314,405.51,USD,deposit,2025-03-27 14:19:13.005489
274,415,68.9,USD,deposit,2025-02-27 14:19:13.005490
275,366,140.14,USD,deposit,2025-04-20 14:19:13.005492
276,228,18.6,USD,deposit,2025-03-13 14:19:13.005493
277,139,153.72,USD,deposit,2025-04-22 14:19:13.005495
278,436,388.84,USD,deposit,2025-03-25 14:19:13.005496
279,399,263.8,USD,deposit,2025-03-29 14:19:13.005498
280,211,180.57,USD,deposit,2025-03-23 14:19:13.005499
281,391,192.15,USD,deposit,2025-03-06 14:19:13.005501
282,499,10.66,USD,deposit,2025-03-08 14:19:13.005502
283,28,156.9,USD,withdrawal,2025-03-20 14:19:13.005504
284,51,326.76,USD,deposit,2025-03-18 14:19:13.005506
285,491,487.36,USD,deposit,2025-04-17 14:19:13.005507
286,442,425.06,USD,deposit,2025-02-25 14:19:13.005509
287,261,21.56,USD,deposit,2025-04-06 14:19:13.005510
288,261,450.29,USD,deposit,2025-04-22 14:19:13.005512
289,350,393.77,USD,deposit,2025-03-25 14:19:13.005513
290,352,392.38,USD,withdrawal,2025-04-05 14:19:13.005515
291,8,234.42,USD,withdrawal,2025-03-30 14:19:13.005516
292,320,205.02,USD,deposit,2025-03-06 14:19:13.005518
293,138,158.43,USD,withdrawal,2025-04-01 14:19:13.005519
294,38,42.19,USD,deposit,2025-04-16 14:19:13.005521
295,111,121.84,USD,deposit,2025-04-13 14:19:13.005522
296,480,130.84,USD,deposit,2025-03-14 14:19:13.005524
297,368,247.2,USD,deposit,2025-03-27 14:19:13.005525
298,220,376.25,USD,withdrawal,2025-04-24 14:19:13.005527
299,337,242.17,USD,deposit,2025-03-21 14:19:13.005528
300,223,38.34,USD,deposit,2025-04-17 14:19:13.005530
301,136,479.32,USD,withdrawal,2025-04-14 14:19:13.005532
302,256,471.93,USD,deposit,2025-03-11 14:19:13.005533
303,360,394.74,USD,deposit,2025-03-09 14:19:13.005535
304,409,495.75,USD,deposit,2025-03-21 14:19:13.005536
305,329,276.8,USD,withdrawal,2025-02-28 14:19:13.005538
306,450,481.76,USD,withdrawal,2025-03-01 14:19:13.005539
307,463,47.05,USD,deposit,2025-04-05 14:19:13.005541
308,434,189.18,USD,deposit,2025-04-08 14:19:13.005542
309,451,120.44,USD,deposit,2025-04-06 14:19:13.005544
310,49,105.96,USD,withdrawal,2025-04-03 14:19:13.005546
311,292,78.99,USD,deposit,2025-04-17 14:19:13.005548
312,382,314.98,USD,deposit,2025-03-01 14:19:13.005549
313,324,392.85,USD,withdrawal,2025-03-04 14:19:13.005551
314,78,293.37,USD,deposit,2025-04-22 14:19:13.005552
315,105,82.01,USD,deposit,2025-03-27 14:19:13.005554
316,169,407.45,USD,deposit,2025-03-14 14:19:13.005555
317,217,321.62,USD,withdrawal,2025-03-11 14:19:13.005557
318,378,200.2,USD,deposit,2025-03-02 14:19:13.005558
319,119,340.32,USD,deposit,2025-03-19 14:19:13.005560
320,190,137.35,USD,deposit,2025-04-14 14:19:13.005562
321,255,179.14,USD,deposit,2025-04-09 14:19:13.005563
322,370,459.57,USD,deposit,2025-04-24 14:19:13.005565
323,266,152.35,USD,deposit,2025-02-25 14:19:13.005566
324,149,240.29,USD,withdrawal,2025-04-08 14:19:13.005567
325,164,446.17,USD,deposit,2025-04-20 14:19:13.005569
326,140,356.78,USD,deposit,2025-04-04 14:19:13.005570
327,347,40.48,USD,deposit,2025-02-25 14:19:13.005572
328,488,82.18,USD,deposit,2025-03-14 14:19:13.005573
329,258,13.84,USD,withdrawal,2025-03-12 14:19:13.005575
330,374,319.15,USD,deposit,2025-03-02 14:19:13.005577
331,269,229.36,USD,deposit,2025-04-06 14:19:13.005578
332,181,75.79,USD,deposit,2025-03-02 14:19:13.005580
333,160,479.39,USD,deposit,2025-03-13 14:19:13.005581
334,351,269.53,USD,deposit,2025-04-11 14:19:13.005583
335,400,128.53,USD,deposit,2025-04-13 14:19:13.005584
336,288,255.3,USD,withdrawal,2025-03-16 14:19:13.005586
337,288,343.01,USD,withdrawal,2025-04-02 14:19:13.005587
338,380,47.36,USD,deposit,2025-04-21 14:19:13.005589
339,226,144.6,USD,withdrawal,2025-03-16 14:19:13.005590
340,11,405.41,USD,deposit,2025-02-26 14:19:13.005592
341,10,235.24,USD,deposit,2025-04-20 14:19:13.005593
342,271,277.82,USD,deposit,2025-03-06 14:19:13.005595
343,273,222.08,USD,deposit,2025-03-02 14:19:13.005596
344,424,31.51,USD,deposit,2025-03-31 14:19:13.005598
345,402,91.22,USD,deposit,2025-03-13 14:19:13.005599
346,183,228.32,USD,deposit,2025-03-10 14:19:13.005601
347,457,112.5,USD,deposit,2025-04-24 14:19:13.005602
348,153,34.49,USD,deposit,2025-04-01 14:19:13.005604
349,488,423.39,USD,withdrawal,2025-02-23 14:19:13.005605
350,315,490.78,USD,deposit,2025-03-08 14:19:13.005607
351,334,398.64,USD,deposit,2025-02-24 14:19:13.005608
352,124,428.35,USD,deposit,2025-04-12 14:19:13.005610
353,473,128.57,USD,deposit,2025-03-09 14:19:13.005612
354,114,480.71,USD,withdrawal,2025-02-25 14:19:13.005615
355,278,106.49,USD,deposit,2025-03-19 14:19:13.005616
356,500,476.2,USD,deposit,2025-03-21 14:19:13.005618
357,414,497.46,USD,withdrawal,2025-03-28 14:19:13.005619
358,468,358.74,USD,deposit,2025-04-17 14:19:13.005621
359,213,490.76,USD,deposit,2025-02-25 14:19:13.005622
360,172,289.07,USD,deposit,2025-04-07 14:19:13.005624
361,288,137.18,USD,withdrawal,2025-02-27 14:19:13.005627
362,435,224.13,USD,deposit,2025-03-14 14:19:13.005629
363,174,300.84,USD,deposit,2025-04-05 14:19:13.005632
364,113,45.81,USD,deposit,2025-03-06 14:19:13.005634
365,376,314.95,USD,deposit,2025-03-05 14:19:13.005637
366,405,490.78,USD,deposit,2025-03-07 14:19:13.005639
367,483,103.15,USD,deposit,2025-04-23 14:19:13.005642
368,122,398.37,USD,deposit,2025-03-28 14:19:13.005644
369,32,454.87,USD,withdrawal,2025-03-31 14:19:13.005647
370,222,472.41,USD,withdrawal,2025-03-10 14:19:13.005650
371,119,480.47,USD,deposit,2025-02-26 14:19:13.005651
372,39,265.52,USD,withdrawal,2025-04-21 14:19:13.005653
373,497,488.88,USD,deposit,2025-04-10 14:19:13.005654
374,268,381.08,USD,deposit,2025-04-04 14:19:13.005656
375,233,89.22,USD,deposit,2025-03-11 14:19:13.005657
376,431,243.68,USD,withdrawal,2025-03-22 14:19:13.005659
377,18,361.98,USD,withdrawal,2025-03-08 14:19:13.005661
378,149,131.2,USD,deposit,2025-03-09 14:19:13.005662
379,397,323.9,USD,withdrawal,2025-03-24 14:19:13.005664
380,149,336.63,USD,deposit,2025-04-10 14:19:13.005665
381,126,89.72,USD,withdrawal,2025-03-01 14:19:13.005667
382,392,286.89,USD,withdrawal,2025-03-29 14:19:13.005668
383,302,388.1,USD,deposit,2025-03-18 14:19:13.005670
384,360,254.46,USD,withdrawal,2025-04-23 14:19:13.005672
385,238,15.93,USD,deposit,2025-04-09 14:19:13.005673
386,135,14.43,USD,deposit,2025-02-24 14:19:13.005675
387,151,184.94,USD,deposit,2025-03-27 14:19:13.005676
388,236,463.84,USD,deposit,2025-04-21 14:19:13.005679
389,224,122.05,USD,withdrawal,2025-04-01 14:19:13.005680
390,203,320.84,USD,deposit,2025-02-24 14:19:13.005682
391,256,118.82,USD,deposit,2025-04-02 14:19:13.005684
392,86,167.62,USD,withdrawal,2025-04-13 14:19:13.005685
393,150,425.54,USD,withdrawal,2025-03-23 14:19:13.005687
394,235,367.14,USD,deposit,2025-03-16 14:19:13.005689
395,345,56.75,USD,withdrawal,2025-03-30 14:19:13.005690
396,22,220.06,USD,deposit,2025-02-24 14:19:13.005692
397,348,24.29,USD,withdrawal,2025-04-06 14:19:13.005694
398,285,245.64,USD,deposit,2025-04-14 14:19:13.005696
399,269,334.59,USD,deposit,2025-03-14 14:19:13.005697
400,466,68.07,USD,deposit,2025-03-18 14:19:13.005699
401,258,151.55,USD,deposit,2025-04-23 14:19:13.005701
402,29,204.94,USD,deposit,2025-04-01 14:19:13.005705
403,213,460.57,USD,deposit,2025-04-10 14:19:13.005707
404,463,496.69,USD,deposit,2025-02-27 14:19:13.005709
405,436,32.01,USD,withdrawal,2025-03-29 14:19:13.005710
406,283,382.89,USD,deposit,2025-02-24 14:19:13.005712
407,50,192.14,USD,deposit,2025-03-24 14:19:13.005714
408,95,202.3,USD,deposit,2025-04-17 14:19:13.005716
409,463,379.59,USD,deposit,2025-02-27 14:19:13.005717
410,499,460.03,USD,withdrawal,2025-04-21 14:19:13.005719
411,407,475.96,USD,withdrawal,2025-03-08 14:19:13.005720
412,88,292.79,USD,deposit,2025-02-26 14:19:13.005722
413,44,184.99,USD,deposit,2025-03-26 14:19:13.005724
414,461,395.9,USD,withdrawal,2025-03-09 14:19:13.005725
415,278,132.99,USD,deposit,2025-04-02 14:19:13.005727
416,171,286.4,USD,withdrawal,2025-03-21 14:19:13.005728
417,421,185.7,USD,deposit,2025-02-24 14:19:13.005730
418,189,331.75,USD,withdrawal,2025-02-27 14:19:13.005731
419,353,127.8,USD,deposit,2025-04-13 14:19:13.005733
420,184,103.88,USD,deposit,2025-03-29 14:19:13.005734
421,3,459.94,USD,withdrawal,2025-02-24 14:19:13.005736
422,191,59.88,USD,deposit,2025-03-04 14:19:13.005738
423,118,257.92,USD,deposit,2025-04-03 14:19:13.005739
424,19,118.22,USD,deposit,2025-04-02 14:19:13.005741
425,23,29.08,USD,deposit,2025-04-07 14:19:13.005742
426,413,27.65,USD,deposit,2025-03-29 14:19:13.005744
427,30,95.86,USD,deposit,2025-03-27 14:19:13.005745
428,295,434.72,USD,deposit,2025-04-15 14:19:13.005747
429,108,148.41,USD,deposit,2025-04-05 14:19:13.005748
430,367,475.72,USD,withdrawal,2025-04-01 14:19:13.005750
431,281,294.99,USD,deposit,2025-04-03 14:19:13.005751
432,128,223.94,USD,deposit,2025-04-19 14:19:13.005753
433,229,294.24,USD,deposit,2025-03-24 14:19:13.005754
434,111,263.18,USD,deposit,2025-02-28 14:19:13.005756
435,136,381.8,USD,deposit,2025-03-25 14:19:13.005758
436,362,148.42,USD,deposit,2025-03-22 14:19:13.005759
437,186,182.99,USD,deposit,2025-03-09 14:19:13.005761
438,144,448.11,USD,deposit,2025-03-21 14:19:13.005762
439,72,473.76,USD,deposit,2025-04-13 14:19:13.005764
440,129,447.35,USD,deposit,2025-03-03 14:19:13.005765
441,364,215.53,USD,deposit,2025-03-04 14:19:13.005767
442,261,392.38,USD,deposit,2025-04-01 14:19:13.005769
443,3,243.4,USD,deposit,2025-03-01 14:19:13.005770
444,449,253.79,USD,deposit,2025-02-27 14:19:13.005772
445,388,110.29,USD,withdrawal,2025-04-24 14:19:13.005773
446,104,299.65,USD,deposit,2025-04-11 14:19:13.005775
447,483,101.21,USD,deposit,2025-04-24 14:19:13.005776
448,224,172.47,USD,deposit,2025-03-08 14:19:13.005778
449,320,428.96,USD,deposit,2025-04-12 14:19:13.005779
450,362,111.47,USD,deposit,2025-03-23 14:19:13.005781
451,354,44.87,USD,deposit,2025-04-01 14:19:13.005782
452,491,43.81,USD,withdrawal,2025-03-02 14:19:13.005784
453,473,470.98,USD,deposit,2025-03-23 14:19:13.005785
454,10,258.39,USD,withdrawal,2025-03-29 14:19:13.005787
455,405,210.61,USD,deposit,2025-03-07 14:19:13.005788
456,384,407.33,USD,deposit,2025-04-23 14:19:13.005790
457,302,419.55,USD,deposit,2025-04-09 14:19:13.005791
458,231,172.77,USD,deposit,2025-04-23 14:19:13.005795
459,219,349.87,USD,deposit,2025-03-23 14:19:13.005796
460,411,387.85,USD,deposit,2025-04-16 14:19:13.005798
461,66,330.78,USD,deposit,2025-04-04 14:19:13.005800
462,425,84.28,USD,withdrawal,2025-02-26 14:19:13.005801
463,112,439.18,USD,withdrawal,2025-03-31 14:19:13.005803
464,13,274.16,USD,deposit,2025-04-16 14:19:13.005804
465,393,148.41,USD,deposit,2025-03-19 14:19:13.005806
466,500,218.36,USD,deposit,2025-03-01 14:19:13.005808
467,420,28.41,USD,deposit,2025-04-02 14:19:13.005811
468,86,72.65,USD,deposit,2025-03-03 14:19:13.005814
469,234,385.12,USD,deposit,2025-03-19 14:19:13.005816
470,90,10.01,USD,deposit,2025-04-16 14:19:13.005819
471,314,214.12,USD,deposit,2025-03-05 14:19:13.005821
472,54,266.03,USD,withdrawal,2025-03-30 14:19:13.005824
473,12,36.77,USD,deposit,2025-04-12 14:19:13.005826
474,209,486.81,USD,withdrawal,2025-04-03 14:19:13.005828
475,462,120.8,USD,deposit,2025-03-07 14:19:13.005831
476,14,159.06,USD,deposit,2025-03-24 14:19:13.005834
477,121,158.93,USD,deposit,2025-04-04 14:19:13.005836
478,418,122.9,USD,deposit,2025-02-27 14:19:13.005839
479,437,10.72,USD,deposit,2025-02-23 14:19:13.005842
480,377,367.38,USD,deposit,2025-03-07 14:19:13.005845
481,20,483.75,USD,deposit,2025-04-11 14:19:13.005847
482,75,119.9,USD,deposit,2025-03-09 14:19:13.005849
483,400,334.89,USD,deposit,2025-03-29 14:19:13.005850
484,243,373.53,USD,deposit,2025-04-08 14:19:13.005852
485,223,425.73,USD,deposit,2025-04-14 14:19:13.005853
486,70,217.09,USD,deposit,2025-03-08 14:19:13.005855
487,312,158.44,USD,deposit,2025-04-23 14:19:13.005856
488,211,169.39,USD,deposit,2025-04-05 14:19:13.005858
489,101,359.18,USD,withdrawal,2025-03-02 14:19:13.005860
490,186,410.22,USD,deposit,2025-03-27 14:19:13.005861
491,132,98.99,USD,withdrawal,2025-04-20 14:19:13.005863
492,111,191.76,USD,deposit,2025-03-26 14:19:13.005864
493,381,451.95,USD,deposit,2025-04-19 14:19:13.005866
494,132,405.28,USD,deposit,2025-03-01 14:19:13.005867
495,20,492.58,USD,deposit,2025-03-14 14:19:13.005869
496,394,379.58,USD,deposit,2025-04-17 14:19:13.005871
497,24,202.67,USD,withdrawal,2025-03-12 14:19:13.005872
498,227,299.41,USD,deposit,2025-03-25 14:19:13.005874
499,154,333.9,USD,deposit,2025-03-14 14:19:13.005875
500,293,48.44,USD,deposit,2025-02-27 14:19:13.005877
501,230,276.8,USD,withdrawal,2025-04-13 14:19:13.005878
502,469,357.57,USD,deposit,2025-04-07 14:19:13.005880
503,310,91.99,USD,deposit,2025-04-19 14:19:13.005881
504,488,392.51,USD,deposit,2025-03-01 14:19:13.005883
505,359,296.05,USD,withdrawal,2025-02-27 14:19:13.005884
506,405,476.59,USD,withdrawal,2025-04-16 14:19:13.005886
507,202,30.79,USD,deposit,2025-04-04 14:19:13.005887
508,38,140.01,USD,withdrawal,2025-04-23 14:19:13.005889
509,430,304.76,USD,withdrawal,2025-03-24 14:19:13.005890
510,260,155.31,USD,deposit,2025-04-12 14:19:13.005892
511,188,360.07,USD,deposit,2025-03-23 14:19:13.005893
512,57,381.91,USD,deposit,2025-03-09 14:19:13.005895
513,429,60.23,USD,withdrawal,2025-03-23 14:19:13.005897
514,20,261.79,USD,deposit,2025-03-10 14:19:13.005898
515,273,259.36,USD,withdrawal,2025-03-20 14:19:13.005900
516,119,190.95,USD,deposit,2025-03-08 14:19:13.005901
517,71,467.13,USD,withdrawal,2025-04-15 14:19:13.005903
518,4,415.48,USD,deposit,2025-03-26 14:19:13.005904
519,221,351.63,USD,deposit,2025-04-22 14:19:13.005906
520,14,360.02,USD,withdrawal,2025-04-17 14:19:13.005908
521,3,236.24,USD,withdrawal,2025-03-12 14:19:13.005909
522,216,461.29,USD,withdrawal,2025-03-18 14:19:13.005911
523,229,350.35,USD,deposit,2025-04-04 14:19:13.005912
524,336,367.2,USD,deposit,2025-02-26 14:19:13.005914
525,186,432.23,USD,deposit,2025-03-31 14:19:13.005915
526,55,144.3,USD,deposit,2025-03-28 14:19:13.005917
527,500,405.46,USD,deposit,2025-04-09 14:19:13.005918
528,388,105.67,USD,deposit,2025-03-07 14:19:13.005920
529,376,179.22,USD,deposit,2025-03-04 14:19:13.005922
530,254,174.45,USD,withdrawal,2025-03-13 14:19:13.005923
531,24,489.48,USD,deposit,2025-03-01 14:19:13.005926
532,162,429.7,USD,deposit,2025-03-22 14:19:13.005928
533,158,353.57,USD,deposit,2025-03-21 14:19:13.005931
534,82,366.26,USD,deposit,2025-03-15 14:19:13.005934
535,403,285.42,USD,deposit,2025-04-17 14:19:13.005936
536,159,474.07,USD,withdrawal,2025-04-06 14:19:13.005939
537,188,253.17,USD,withdrawal,2025-03-29 14:19:13.005941
538,60,196.45,USD,withdrawal,2025-04-10 14:19:13.005944
539,403,89.89,USD,withdrawal,2025-03-17 14:19:13.005947
540,305,395.24,USD,deposit,2025-03-30 14:19:13.005949
541,319,369.88,USD,deposit,2025-04-22 14:19:13.005952
542,366,198.33,USD,deposit,2025-04-16 14:19:13.005953
543,211,22.34,USD,deposit,2025-03-25 14:19:13.005955
544,406,421.11,USD,deposit,2025-03-12 14:19:13.005956
545,152,15.59,USD,deposit,2025-03-03 14:19:13.005958
546,109,354.81,USD,deposit,2025-03-07 14:19:13.005959
547,76,485.43,USD,deposit,2025-02-27 14:19:13.005961
548,30,224.45,USD,deposit,2025-03-25 14:19:13.005963
549,314,125.14,USD,deposit,2025-03-31 14:19:13.005964
550,486,355.39,USD,deposit,2025-04-16 14:19:13.005966
551,117,410.39,USD,deposit,2025-03-27 14:19:13.005967
552,415,277.75,USD,deposit,2025-03-20 14:19:13.005969
553,356,483.85,USD,withdrawal,2025-04-17 14:19:13.005970
554,192,35.32,USD,deposit,2025-04-19 14:19:13.005972
555,19,257.35,USD,deposit,2025-03-06 14:19:13.005973
556,432,362.04,USD,withdrawal,2025-02-25 14:19:13.005975
557,173,432.69,USD,deposit,2025-03-15 14:19:13.005976
558,228,97.84,USD,deposit,2025-04-05 14:19:13.005978
559,350,402.0,USD,deposit,2025-04-01 14:19:13.005979
560,183,280.83,USD,deposit,2025-04-06 14:19:13.005981
561,113,204.31,USD,withdrawal,2025-04-06 14:19:13.005983
562,183,74.54,USD,withdrawal,2025-02-24 14:19:13.005984
563,481,433.99,USD,deposit,2025-04-11 14:19:13.005986
564,146,87.06,USD,deposit,2025-03-16 14:19:13.005987
565,319,161.8,USD,deposit,2025-03-04 14:19:13.005989
566,116,152.12,USD,deposit,2025-03-09 14:19:13.005990
567,113,436.99,USD,deposit,2025-02-26 14:19:13.005992
568,251,339.62,USD,deposit,2025-04-08 14:19:13.005993
569,476,400.37,USD,deposit,2025-04-22 14:19:13.005995
570,251,132.73,USD,deposit,2025-04-16 14:19:13.005996
571,303,316.19,USD,deposit,2025-03-24 14:19:13.005998
572,459,290.16,USD,deposit,2025-03-11 14:19:13.005999
573,313,418.09,USD,deposit,2025-04-21 14:19:13.006001
574,118,453.98,USD,withdrawal,2025-04-03 14:19:13.006003
575,301,15.96,USD,deposit,2025-03-29 14:19:13.006004
576,161,340.27,USD,deposit,2025-03-30 14:19:13.006006
577,401,35.4,USD,withdrawal,2025-03-13 14:19:13.006007
578,198,278.94,USD,deposit,2025-03-05 14:19:13.006009
579,260,150.94,USD,deposit,2025-04-23 14:19:13.006010
580,148,160.32,USD,deposit,2025-04-03 14:19:13.006012
581,240,182.95,USD,deposit,2025-03-20 14:19:13.006013
582,47,314.43,USD,deposit,2025-03-20 14:19:13.006015
583,475,173.68,USD,deposit,2025-04-06 14:19:13.006016
584,399,369.02,USD,deposit,2025-04-15 14:19:13.006018
585,198,208.22,USD,withdrawal,2025-03-31 14:19:13.006019
586,47,43.49,USD,deposit,2025-04-03 14:19:13.006021
587,78,394.04,USD,deposit,2025-03-23 14:19:13.006022
588,124,150.02,USD,withdrawal,2025-03-12 14:19:13.006025
589,75,222.06,USD,deposit,2025-04-13 14:19:13.006026
590,359,345.87,USD,withdrawal,2025-04-24 14:19:13.006028
591,137,172.9,USD,deposit,2025-04-02 14:19:13.006029
592,90,37.73,USD,withdrawal,2025-04-20 14:19:13.006031
593,400,193.22,USD,deposit,2025-04-24 14:19:13.006033
594,325,472.78,USD,withdrawal,2025-03-05 14:19:13.006035
595,500,324.45,USD,withdrawal,2025-03-17 14:19:13.006037
596,61,339.02,USD,deposit,2025-02-23 14:19:13.006039
597,138,319.82,USD,deposit,2025-03-11 14:19:13.006040
598,50,107.51,USD,deposit,2025-03-09 14:19:13.006042
599,259,214.98,USD,deposit,2025-02-23 14:19:13.006043
600,461,377.96,USD,deposit,2025-02-25 14:19:13.006045
601,107,59.67,USD,deposit,2025-03-11 14:19:13.006047
602,113,146.15,USD,deposit,2025-03-27 14:19:13.006048
603,350,145.4,USD,deposit,2025-03-02 14:19:13.006050
604,254,221.69,USD,deposit,2025-03-28 14:19:13.006051
605,118,490.38,USD,deposit,2025-04-09 14:19:13.006053
606,493,43.08,USD,deposit,2025-04-24 14:19:13.006054
607,198,264.16,USD,deposit,2025-03-21 14:19:13.006056
608,337,97.89,USD,deposit,2025-02-27 14:19:13.006057
609,365,485.63,USD,deposit,2025-03-19 14:19:13.006059
610,51,65.52,USD,deposit,2025-04-24 14:19:13.006061
611,245,207.76,USD,deposit,2025-02-24 14:19:13.006062
612,403,371.56,USD,deposit,2025-03-08 14:19:13.006063
613,426,355.23,USD,withdrawal,2025-02-27 14:19:13.006065
614,35,217.14,USD,deposit,2025-04-16 14:19:13.006067
615,302,179.8,USD,deposit,2025-02-28 14:19:13.006068
616,410,204.83,USD,deposit,2025-04-01 14:19:13.006070
617,499,139.5,USD,withdrawal,2025-04-02 14:19:13.006071
618,69,110.61,USD,withdrawal,2025-04-19 14:19:13.006073
619,349,246.69,USD,deposit,2025-03-01 14:19:13.006074
620,320,141.58,USD,deposit,2025-03-13 14:19:13.006076
621,421,150.86,USD,withdrawal,2025-02-26 14:19:13.006077
622,468,331.81,USD,deposit,2025-03-03 14:19:13.006079
623,49,484.58,USD,deposit,2025-04-12 14:19:13.006080
624,405,305.78,USD,deposit,2025-04-10 14:19:13.006082
625,74,47.72,USD,deposit,2025-03-04 14:19:13.006083
626,192,47.04,USD,withdrawal,2025-03-18 14:19:13.006085
627,261,476.2,USD,withdrawal,2025-03-24 14:19:13.006086
628,356,155.67,USD,withdrawal,2025-03-07 14:19:13.006088
629,70,55.11,USD,deposit,2025-02-28 14:19:13.006090
630,90,303.53,USD,withdrawal,2025-04-20 14:19:13.006091
631,260,315.59,USD,deposit,2025-04-08 14:19:13.006093
632,126,327.77,USD,deposit,2025-03-26 14:19:13.006094
633,231,141.03,USD,withdrawal,2025-03-30 14:19:13.006096
634,295,17.4,USD,deposit,2025-04-12 14:19:13.006097
635,498,482.86,USD,deposit,2025-03-08 14:19:13.006099
636,419,132.94,USD,deposit,2025-04-21 14:19:13.006100
637,129,341.25,USD,withdrawal,2025-04-19 14:19:13.006102
638,280,356.25,USD,deposit,2025-02-25 14:19:13.006103
639,313,308.9,USD,deposit,2025-04-02 14:19:13.006106
640,100,163.32,USD,deposit,2025-03-11 14:19:13.006107
641,326,142.84,USD,withdrawal,2025-03-28 14:19:13.006109
642,297,302.86,USD,withdrawal,2025-03-05 14:19:13.006110
643,182,434.39,USD,deposit,2025-03-26 14:19:13.006112
644,174,473.9,USD,deposit,2025-03-12 14:19:13.006114
645,316,61.89,USD,deposit,2025-02-26 14:19:13.006115
646,364,85.87,USD,withdrawal,2025-03-26 14:19:13.006117
647,188,472.92,USD,deposit,2025-04-02 14:19:13.006118
648,57,370.9,USD,withdrawal,2025-03-04 14:19:13.006120
649,31,442.67,USD,deposit,2025-03-01 14:19:13.006121
650,84,109.29,USD,withdrawal,2025-02-26 14:19:13.006123
651,152,297.92,USD,withdrawal,2025-03-04 14:19:13.006125
652,473,353.56,USD,deposit,2025-02-27 14:19:13.006126
653,36,343.25,USD,withdrawal,2025-03-19 14:19:13.006128
654,213,209.99,USD,deposit,2025-03-23 14:19:13.006129
655,414,17.54,USD,deposit,2025-03-05 14:19:13.006131
656,408,295.63,USD,deposit,2025-03-04 14:19:13.006132
657,364,134.02,USD,withdrawal,2025-03-29 14:19:13.006134
658,106,230.62,USD,deposit,2025-03-11 14:19:13.006135
659,414,479.21,USD,deposit,2025-04-12 14:19:13.006137
660,342,205.53,USD,deposit,2025-04-01 14:19:13.006139
661,220,421.5,USD,deposit,2025-04-14 14:19:13.006140
662,391,102.38,USD,deposit,2025-02-24 14:19:13.006141
663,163,339.51,USD,deposit,2025-04-17 14:19:13.006143
664,439,488.73,USD,withdrawal,2025-04-12 14:19:13.006145
665,220,59.93,USD,deposit,2025-02-28 14:19:13.006146
666,270,14.08,USD,deposit,2025-03-19 14:19:13.006148
667,120,222.46,USD,deposit,2025-04-10 14:19:13.006149
668,394,55.39,USD,deposit,2025-03-22 14:19:13.006151
669,336,376.71,USD,withdrawal,2025-03-11 14:19:13.006152
670,400,458.13,USD,withdrawal,2025-04-19 14:19:13.006154
671,182,222.67,USD,deposit,2025-03-30 14:19:13.006155
672,479,136.77,USD,withdrawal,2025-04-12 14:19:13.006157
673,106,222.86,USD,withdrawal,2025-03-30 14:19:13.006158
674,217,364.49,USD,withdrawal,2025-03-17 14:19:13.006160
675,205,14.44,USD,deposit,2025-04-12 14:19:13.006162
676,70,298.83,USD,withdrawal,2025-03-17 14:19:13.006163
677,44,310.51,USD,deposit,2025-04-04 14:19:13.006165
678,329,322.47,USD,deposit,2025-04-05 14:19:13.006166
679,301,128.59,USD,deposit,2025-04-13 14:19:13.006168
680,228,359.89,USD,deposit,2025-03-21 14:19:13.006169
681,184,54.78,USD,deposit,2025-03-03 14:19:13.006171
682,107,107.64,USD,deposit,2025-03-19 14:19:13.006172
683,84,439.96,USD,deposit,2025-03-30 14:19:13.006174
684,338,371.97,USD,withdrawal,2025-04-04 14:19:13.006175
685,250,16.74,USD,withdrawal,2025-02-26 14:19:13.006177
686,363,131.7,USD,deposit,2025-03-11 14:19:13.006179
687,441,115.06,USD,withdrawal,2025-02-25 14:19:13.006180
688,21,142.7,USD,withdrawal,2025-04-19 14:19:13.006182
689,196,131.3,USD,withdrawal,2025-02-28 14:19:13.006183
690,178,40.64,USD,deposit,2025-04-24 14:19:13.006185
691,417,234.88,USD,deposit,2025-03-23 14:19:13.006186
692,475,369.04,USD,withdrawal,2025-04-05 14:19:13.006188
693,7,307.3,USD,deposit,2025-03-27 14:19:13.006189
694,70,339.71,USD,deposit,2025-03-22 14:19:13.006191
695,127,49.76,USD,deposit,2025-04-01 14:19:13.006192
696,399,476.23,USD,deposit,2025-03-13 14:19:13.006194
697,466,420.86,USD,deposit,2025-03-17 14:19:13.006195
698,160,404.49,USD,deposit,2025-04-19 14:19:13.006197
699,248,413.26,USD,deposit,2025-03-02 14:19:13.006198
700,203,467.03,USD,withdrawal,2025-04-10 14:19:13.006200
701,148,276.68,USD,withdrawal,2025-03-20 14:19:13.006202
702,472,108.14,USD,deposit,2025-04-22 14:19:13.006203
703,143,312.22,USD,withdrawal,2025-04-11 14:19:13.006205
704,432,374.01,USD,deposit,2025-04-11 14:19:13.006207
705,199,371.58,USD,deposit,2025-03-25 14:19:13.006208
706,405,265.51,USD,withdrawal,2025-03-10 14:19:13.006210
707,426,43.54,USD,withdrawal,2025-03-24 14:19:13.006211
708,154,191.85,USD,withdrawal,2025-03-01 14:19:13.006213
709,492,461.18,USD,deposit,2025-03-24 14:19:13.006214
710,376,296.38,USD,withdrawal,2025-03-30 14:19:13.006216
711,384,273.78,USD,deposit,2025-02-23 14:19:13.006218
712,142,141.74,USD,withdrawal,2025-03-22 14:19:13.006219
713,313,190.54,USD,withdrawal,2025-04-07 14:19:13.006221
714,165,448.72,USD,deposit,2025-03-20 14:19:13.006222
715,314,336.57,USD,deposit,2025-03-06 14:19:13.006224
716,21,395.82,USD,withdrawal,2025-03-17 14:19:13.006225
717,82,232.63,USD,deposit,2025-03-22 14:19:13.006227
718,69,318.82,USD,deposit,2025-03-17 14:19:13.006228
719,131,131.71,USD,withdrawal,2025-03-25 14:19:13.006230
720,87,355.68,USD,deposit,2025-03-04 14:19:13.006231
721,218,219.52,USD,withdrawal,2025-03-15 14:19:13.006233
722,421,226.85,USD,deposit,2025-03-03 14:19:13.006235
723,472,328.17,USD,deposit,2025-02-27 14:19:13.006236
724,305,468.78,USD,withdrawal,2025-03-01 14:19:13.006238
725,403,41.36,USD,deposit,2025-04-15 14:19:13.006239
726,371,414.12,USD,deposit,2025-04-16 14:19:13.006241
727,345,153.27,USD,withdrawal,2025-04-04 14:19:13.006242
728,341,227.52,USD,deposit,2025-03-24 14:19:13.006244
729,384,20.74,USD,deposit,2025-04-18 14:19:13.006245
730,396,157.51,USD,deposit,2025-03-07 14:19:13.006247
731,445,256.29,USD,withdrawal,2025-03-09 14:19:13.006248
732,425,37.53,USD,withdrawal,2025-04-13 14:19:13.006250
733,161,250.64,USD,withdrawal,2025-04-21 14:19:13.006252
734,178,464.28,USD,deposit,2025-04-20 14:19:13.006253
735,117,61.64,USD,withdrawal,2025-03-06 14:19:13.006255
736,196,384.58,USD,deposit,2025-03-16 14:19:13.006256
737,383,210.74,USD,deposit,2025-03-25 14:19:13.006258
738,490,331.04,USD,deposit,2025-04-24 14:19:13.006259
739,327,137.52,USD,withdrawal,2025-03-30 14:19:13.006261
740,86,88.15,USD,withdrawal,2025-04-09 14:19:13.006262
741,289,88.63,USD,deposit,2025-03-09 14:19:13.006264
742,81,44.54,USD,deposit,2025-03-25 14:19:13.006265
743,152,100.97,USD,withdrawal,2025-04-16 14:19:13.006267
744,61,335.47,USD,deposit,2025-04-15 14:19:13.006268
745,61,442.03,USD,withdrawal,2025-04-16 14:19:13.006270
746,354,408.92,USD,deposit,2025-04-18 14:19:13.006271
747,28,345.72,USD,deposit,2025-03-10 14:19:13.006273
748,442,64.11,USD,deposit,2025-03-27 14:19:13.006274
749,43,151.7,USD,deposit,2025-03-16 14:19:13.006276
750,169,161.81,USD,withdrawal,2025-02-25 14:19:13.006278
751,423,132.48,USD,deposit,2025-04-21 14:19:13.006279
752,86,262.35,USD,withdrawal,2025-03-17 14:19:13.006281
753,177,272.42,USD,deposit,2025-04-24 14:19:13.006282
754,17,184.87,USD,deposit,2025-03-17 14:19:13.006284
755,98,183.36,USD,deposit,2025-03-31 14:19:13.006285
756,454,415.99,USD,deposit,2025-03-19 14:19:13.006287
757,494,396.75,USD,withdrawal,2025-04-12 14:19:13.006288
758,198,160.82,USD,deposit,2025-04-03 14:19:13.006290
759,98,457.76,USD,deposit,2025-04-23 14:19:13.006291
760,65,476.88,USD,deposit,2025-03-24 14:19:13.006293
761,330,170.1,USD,deposit,2025-03-31 14:19:13.006294
762,341,183.67,USD,deposit,2025-04-15 14:19:13.006299
763,5,257.76,USD,withdrawal,2025-03-26 14:19:13.006300
764,2,471.15,USD,deposit,2025-03-09 14:19:13.006302
765,22,439.4,USD,deposit,2025-03-28 14:19:13.006304
766,112,60.26,USD,deposit,2025-03-27 14:19:13.006305
767,57,202.44,USD,withdrawal,2025-03-10 14:19:13.006307
768,66,281.15,USD,deposit,2025-04-05 14:19:13.006308
769,330,256.53,USD,deposit,2025-03-08 14:19:13.006310
770,98,104.99,USD,deposit,2025-04-17 14:19:13.006311
771,144,430.82,USD,deposit,2025-04-01 14:19:13.006313
772,368,341.7,USD,deposit,2025-03-01 14:19:13.006314
773,435,420.58,USD,deposit,2025-03-14 14:19:13.006316
774,125,430.79,USD,withdrawal,2025-04-21 14:19:13.006317
775,167,376.69,USD,deposit,2025-03-13 14:19:13.006319
776,86,225.21,USD,withdrawal,2025-02-23 14:19:13.006320
777,76,309.17,USD,deposit,2025-04-02 14:19:13.006322
778,344,88.58,USD,deposit,2025-02-26 14:19:13.006324
779,495,340.09,USD,deposit,2025-03-16 14:19:13.006325
780,424,97.83,USD,deposit,2025-04-10 14:19:13.006327
781,294,350.04,USD,withdrawal,2025-04-09 14:19:13.006328
782,444,122.5,USD,deposit,2025-04-08 14:19:13.006330
783,59,67.6,USD,deposit,2025-03-24 14:19:13.006331
784,138,90.99,USD,deposit,2025-04-19 14:19:13.006333
785,99,10.98,USD,withdrawal,2025-03-11 14:19:13.006334
786,192,362.18,USD,deposit,2025-03-13 14:19:13.006336
787,243,368.88,USD,withdrawal,2025-03-14 14:19:13.006337
788,319,262.32,USD,deposit,2025-02-25 14:19:13.006339
789,49,89.07,USD,deposit,2025-03-20 14:19:13.006341
790,448,50.94,USD,deposit,2025-03-20 14:19:13.006342
791,32,19.37,USD,deposit,2025-03-26 14:19:13.006344
792,391,91.22,USD,deposit,2025-04-18 14:19:13.006346
793,277,446.52,USD,deposit,2025-03-31 14:19:13.006347
794,20,128.35,USD,withdrawal,2025-04-04 14:19:13.006349
795,154,183.59,USD,withdrawal,2025-02-24 14:19:13.006350
796,383,61.62,USD,withdrawal,2025-02-28 14:19:13.006352
797,68,118.96,USD,deposit,2025-03-21 14:19:13.006353
798,366,264.42,USD,deposit,2025-03-15 14:19:13.006355
799,372,307.8,USD,deposit,2025-02-23 14:19:13.006356
800,214,130.22,USD,withdrawal,2025-03-11 14:19:13.006358
801,143,38.29,USD,withdrawal,2025-04-13 14:19:13.006360
802,376,201.61,USD,deposit,2025-04-21 14:19:13.006363
803,232,124.76,USD,deposit,2025-04-05 14:19:13.006365
804,213,117.58,USD,deposit,2025-03-25 14:19:13.006368
805,79,480.33,USD,deposit,2025-03-24 14:19:13.006370
806,214,311.99,USD,deposit,2025-03-23 14:19:13.006373
807,116,282.87,USD,deposit,2025-03-29 14:19:13.006376
808,92,213.73,USD,withdrawal,2025-03-25 14:19:13.006378
809,270,220.18,USD,deposit,2025-04-15 14:19:13.006381
810,411,275.04,USD,deposit,2025-04-08 14:19:13.006384
811,381,351.25,USD,withdrawal,2025-02-28 14:19:13.006385
812,489,354.05,USD,deposit,2025-02-25 14:19:13.006387
813,168,94.13,USD,deposit,2025-03-03 14:19:13.006388
814,58,255.06,USD,deposit,2025-03-28 14:19:13.006390
815,284,211.86,USD,deposit,2025-03-17 14:19:13.006391
816,26,436.56,USD,deposit,2025-04-10 14:19:13.006393
817,369,319.4,USD,withdrawal,2025-02-26 14:19:13.006395
818,447,270.93,USD,deposit,2025-03-30 14:19:13.006396
819,66,66.54,USD,deposit,2025-04-14 14:19:13.006398
820,409,306.76,USD,deposit,2025-03-22 14:19:13.006399
821,248,67.43,USD,deposit,2025-04-14 14:19:13.006401
822,254,175.23,USD,withdrawal,2025-04-08 14:19:13.006402
823,387,79.99,USD,withdrawal,2025-03-16 14:19:13.006404
824,456,349.12,USD,deposit,2025-03-14 14:19:13.006405
825,44,111.06,USD,withdrawal,2025-03-02 14:19:13.006407
826,97,202.01,USD,deposit,2025-04-09 14:19:13.006408
827,42,448.88,USD,withdrawal,2025-03-24 14:19:13.006410
828,500,110.12,USD,deposit,2025-03-30 14:19:13.006411
829,227,258.82,USD,withdrawal,2025-04-06 14:19:13.006413
830,262,215.44,USD,withdrawal,2025-04-14 14:19:13.006414
831,167,18.88,USD,deposit,2025-04-18 14:19:13.006416
832,436,398.45,USD,deposit,2025-03-16 14:19:13.006417
833,279,43.83,USD,withdrawal,2025-04-22 14:19:13.006419
834,89,242.38,USD,withdrawal,2025-04-04 14:19:13.006421
835,379,284.73,USD,deposit,2025-04-01 14:19:13.006423
836,178,317.93,USD,withdrawal,2025-03-21 14:19:13.006426
837,427,347.43,USD,deposit,2025-03-12 14:19:13.006428
838,403,134.1,USD,deposit,2025-04-22 14:19:13.006432
839,197,14.89,USD,deposit,2025-04-07 14:19:13.006434
840,307,364.49,USD,deposit,2025-03-25 14:19:13.006437
841,267,272.47,USD,withdrawal,2025-02-23 14:19:13.006439
842,268,419.7,USD,deposit,2025-04-12 14:19:13.006442
843,74,412.48,USD,withdrawal,2025-03-31 14:19:13.006444
844,8,423.23,USD,deposit,2025-03-22 14:19:13.006446
845,408,247.7,USD,deposit,2025-03-20 14:19:13.006447
846,476,173.48,USD,deposit,2025-03-23 14:19:13.006449
847,297,397.86,USD,deposit,2025-03-04 14:19:13.006450
848,164,231.13,USD,deposit,2025-04-07 14:19:13.006452
849,485,99.89,USD,deposit,2025-03-27 14:19:13.006453
850,85,428.94,USD,deposit,2025-04-14 14:19:13.006455
851,72,442.45,USD,deposit,2025-03-21 14:19:13.006457
852,55,238.49,USD,deposit,2025-02-28 14:19:13.006458
853,393,47.09,USD,deposit,2025-03-20 14:19:13.006460
854,47,200.03,USD,withdrawal,2025-03-27 14:19:13.006461
855,399,403.73,USD,withdrawal,2025-04-24 14:19:13.006463
856,432,451.87,USD,deposit,2025-04-05 14:19:13.006464
857,238,109.7,USD,deposit,2025-04-16 14:19:13.006466
858,104,42.82,USD,deposit,2025-04-24 14:19:13.006467
859,210,439.9,USD,withdrawal,2025-04-06 14:19:13.006469
860,42,200.81,USD,deposit,2025-03-25 14:19:13.006470
861,316,275.46,USD,deposit,2025-04-19 14:19:13.006472
862,468,484.35,USD,deposit,2025-04-20 14:19:13.006475
863,454,42.62,USD,deposit,2025-03-30 14:19:13.006476
864,268,327.68,USD,deposit,2025-04-19 14:19:13.006478
865,386,46.31,USD,withdrawal,2025-02-23 14:19:13.006479
866,263,193.98,USD,deposit,2025-03-13 14:19:13.006481
867,336,403.87,USD,deposit,2025-03-07 14:19:13.006483
868,387,222.4,USD,deposit,2025-03-06 14:19:13.006484
869,365,498.62,USD,deposit,2025-04-22 14:19:13.006486
870,259,283.94,USD,withdrawal,2025-04-13 14:19:13.006487
871,283,167.37,USD,deposit,2025-04-07 14:19:13.006489
872,114,117.85,USD,withdrawal,2025-02-28 14:19:13.006490
873,363,181.76,USD,deposit,2025-04-19 14:19:13.006492
874,40,192.54,USD,deposit,2025-03-27 14:19:13.006493
875,486,43.67,USD,withdrawal,2025-03-30 14:19:13.006495
876,417,191.09,USD,deposit,2025-03-13 14:19:13.006497
877,220,237.48,USD,withdrawal,2025-04-11 14:19:13.006498
878,129,364.14,USD,deposit,2025-03-01 14:19:13.006500
879,8,331.8,USD,withdrawal,2025-03-21 14:19:13.006501
880,101,357.3,USD,deposit,2025-02-27 14:19:13.006503
881,416,14.1,USD,deposit,2025-04-10 14:19:13.006504
882,380,116.66,USD,withdrawal,2025-03-28 14:19:13.006506
883,176,334.23,USD,withdrawal,2025-03-13 14:19:13.006508
884,107,247.15,USD,withdrawal,2025-02-28 14:19:13.006511
885,101,12.6,USD,withdrawal,2025-02-26 14:19:13.006514
886,260,404.2,USD,withdrawal,2025-04-13 14:19:13.006516
887,478,388.68,USD,deposit,2025-03-13 14:19:13.006519
888,454,278.73,USD,deposit,2025-04-11 14:19:13.006521
889,366,42.57,USD,deposit,2025-04-03 14:19:13.006524
890,246,385.59,USD,deposit,2025-04-08 14:19:13.006527
891,275,296.02,USD,deposit,2025-04-12 14:19:13.006530
892,32,393.16,USD,deposit,2025-03-12 14:19:13.006531
893,137,378.36,USD,deposit,2025-03-14 14:19:13.006533
894,12,403.47,USD,deposit,2025-04-08 14:19:13.006534
895,395,263.82,USD,deposit,2025-03-09 14:19:13.006536
896,302,78.76,USD,deposit,2025-03-24 14:19:13.006537
897,375,338.87,USD,deposit,2025-03-04 14:19:13.006539
898,16,314.03,USD,withdrawal,2025-03-05 14:19:13.006541
899,129,373.7,USD,withdrawal,2025-04-18 14:19:13.006542
900,63,93.24,USD,deposit,2025-03-14 14:19:13.006544
901,109,105.54,USD,deposit,2025-04-06 14:19:13.006545
902,375,446.3,USD,deposit,2025-03-26 14:19:13.006547
903,21,377.49,USD,deposit,2025-04-12 14:19:13.006548
904,158,455.03,USD,deposit,2025-04-06 14:19:13.006550
905,269,381.77,USD,deposit,2025-03-31 14:19:13.006551
906,162,302.61,USD,deposit,2025-04-13 14:19:13.006553
907,260,330.53,USD,deposit,2025-03-17 14:19:13.006554
908,412,445.67,USD,withdrawal,2025-03-07 14:19:13.006556
909,102,293.62,USD,withdrawal,2025-04-19 14:19:13.006557
910,223,319.87,USD,deposit,2025-04-05 14:19:13.006559
911,59,86.67,USD,deposit,2025-04-24 14:19:13.006560
912,247,242.22,USD,deposit,2025-04-13 14:19:13.006562
913,128,361.03,USD,deposit,2025-04-14 14:19:13.006563
914,283,142.76,USD,withdrawal,2025-04-20 14:19:13.006565
915,325,109.1,USD,deposit,2025-03-07 14:19:13.006566
916,25,163.78,USD,withdrawal,2025-03-02 14:19:13.006568
917,131,128.34,USD,deposit,2025-03-16 14:19:13.006569
918,353,115.31,USD,withdrawal,2025-04-22 14:19:13.006571
919,196,218.18,USD,deposit,2025-03-26 14:19:13.006573
920,281,454.84,USD,withdrawal,2025-02-28 14:19:13.006574
921,404,258.46,USD,deposit,2025-04-23 14:19:13.006576
922,418,102.08,USD,deposit,2025-02-26 14:19:13.006577
923,154,47.72,USD,deposit,2025-04-24 14:19:13.006579
924,382,351.12,USD,deposit,2025-04-09 14:19:13.006580
925,133,197.57,USD,withdrawal,2025-04-12 14:19:13.006582
926,227,412.7,USD,withdrawal,2025-04-19 14:19:13.006583
927,189,333.16,USD,withdrawal,2025-04-24 14:19:13.006585
928,476,400.16,USD,deposit,2025-04-06 14:19:13.006586
929,477,143.25,USD,withdrawal,2025-03-07 14:19:13.006588
930,265,349.26,USD,deposit,2025-02-28 14:19:13.006589
931,372,139.39,USD,deposit,2025-04-18 14:19:13.006591
932,486,470.14,USD,deposit,2025-02-28 14:19:13.006593
933,434,321.82,USD,deposit,2025-03-13 14:19:13.006594
934,134,169.01,USD,deposit,2025-04-09 14:19:13.006596
935,211,142.06,USD,deposit,2025-03-21 14:19:13.006597
936,60,103.55,USD,deposit,2025-04-01 14:19:13.006599
937,428,350.37,USD,withdrawal,2025-04-18 14:19:13.006600
938,377,117.17,USD,deposit,2025-03-18 14:19:13.006602
939,395,301.7,USD,deposit,2025-02-26 14:19:13.006604
940,450,139.67,USD,deposit,2025-03-04 14:19:13.006605
941,431,334.36,USD,deposit,2025-03-03 14:19:13.006607
942,364,409.32,USD,deposit,2025-03-07 14:19:13.006608
943,364,391.23,USD,deposit,2025-04-19 14:19:13.006610
944,457,382.82,USD,deposit,2025-04-14 14:19:13.006611
945,213,101.98,USD,deposit,2025-04-11 14:19:13.006613
946,216,53.31,USD,deposit,2025-03-02 14:19:13.006614
947,226,352.48,USD,withdrawal,2025-03-18 14:19:13.006616
948,470,190.49,USD,deposit,2025-03-05 14:19:13.006617
949,131,221.85,USD,deposit,2025-03-05 14:19:13.006619
950,76,25.26,USD,withdrawal,2025-03-14 14:19:13.006621
951,476,137.19,USD,deposit,2025-03-24 14:19:13.006622
952,286,26.5,USD,deposit,2025-03-07 14:19:13.006624
953,474,440.8,USD,withdrawal,2025-03-31 14:19:13.006625
954,496,129.26,USD,deposit,2025-04-16 14:19:13.006627
955,277,283.1,USD,deposit,2025-03-29 14:19:13.006628
956,156,29.1,USD,deposit,2025-04-22 14:19:13.006630
957,248,336.76,USD,deposit,2025-03-03 14:19:13.006631
958,218,168.28,USD,deposit,2025-03-19 14:19:13.006633
959,190,449.98,USD,deposit,2025-04-21 14:19:13.006634
960,417,445.18,USD,deposit,2025-04-04 14:19:13.006636
961,469,169.39,USD,deposit,2025-03-10 14:19:13.006638
962,163,451.47,USD,deposit,2025-03-08 14:19:13.006639
963,180,498.12,USD,deposit,2025-02-25 14:19:13.006641
964,34,414.45,USD,deposit,2025-03-20 14:19:13.006642
965,41,423.99,USD,deposit,2025-03-03 14:19:13.006644
966,307,132.01,USD,deposit,2025-04-23 14:19:13.006645
967,431,292.58,USD,withdrawal,2025-04-17 14:19:13.006647
968,338,42.96,USD,deposit,2025-04-13 14:19:13.006648
969,314,56.51,USD,deposit,2025-04-03 14:19:13.006650
970,75,499.46,USD,deposit,2025-04-05 14:19:13.006651
971,441,170.05,USD,deposit,2025-04-24 14:19:13.006653
972,279,376.61,USD,withdrawal,2025-04-02 14:19:13.006654
973,176,405.27,USD,deposit,2025-03-20 14:19:13.006656
974,384,430.43,USD,withdrawal,2025-04-24 14:19:13.006660
975,150,498.84,USD,deposit,2025-04-10 14:19:13.006662
976,273,128.33,USD,withdrawal,2025-02-25 14:19:13.006664
977,325,29.77,USD,deposit,2025-04-08 14:19:13.006665
978,108,211.48,USD,withdrawal,2025-02-28 14:19:13.006667
979,139,73.74,USD,deposit,2025-03-17 14:19:13.006668
980,350,20.99,USD,deposit,2025-04-09 14:19:13.006670
981,271,186.61,USD,deposit,2025-03-22 14:19:13.006671
982,347,394.03,USD,deposit,2025-04-21 14:19:13.006673
983,419,287.43,USD,withdrawal,2025-03-17 14:19:13.006674
984,289,163.26,USD,deposit,2025-03-26 14:19:13.006676
985,212,330.63,USD,deposit,2025-03-14 14:19:13.006678
986,381,123.69,USD,withdrawal,2025-03-22 14:19:13.006679
987,272,17.05,USD,deposit,2025-04-11 14:19:13.006681
988,418,384.53,USD,withdrawal,2025-04-05 14:19:13.006683
989,66,315.63,USD,withdrawal,2025-02-26 14:19:13.006684
990,483,383.53,USD,deposit,2025-03-21 14:19:13.006686
991,424,29.08,USD,withdrawal,2025-04-02 14:19:13.006687
992,248,420.19,USD,deposit,2025-04-10 14:19:13.006689
993,156,313.57,USD,deposit,2025-02-26 14:19:13.006690
994,47,286.06,USD,deposit,2025-03-31 14:19:13.006692
995,423,316.06,USD,deposit,2025-03-04 14:19:13.006693
996,454,433.57,USD,withdrawal,2025-03-08 14:19:13.006696
997,201,297.6,USD,withdrawal,2025-04-07 14:19:13.006698
998,148,294.67,USD,deposit,2025-03-18 14:19:13.006701
999,124,495.43,USD,deposit,2025-02-23 14:19:13.006703
1000,1,380.8,USD,withdrawal,2025-04-10 14:19:13.006706
1001,456,226.72,USD,deposit,2025-04-18 14:19:13.006710
1002,247,356.62,USD,deposit,2025-03-25 14:19:13.006713
1003,343,200.72,USD,deposit,2025-03-27 14:19:13.006715
1004,128,122.15,USD,withdrawal,2025-03-01 14:19:13.006717
1005,191,302.46,USD,deposit,2025-02-27 14:19:13.006719
1006,67,464.81,USD,withdrawal,2025-02-26 14:19:13.006721
1007,4,465.28,USD,withdrawal,2025-02-26 14:19:13.006722
1008,442,177.53,USD,deposit,2025-04-19 14:19:13.006724
1009,409,268.56,USD,deposit,2025-03-17 14:19:13.006725
1010,303,113.7,USD,withdrawal,2025-04-14 14:19:13.006727
1011,294,497.86,USD,deposit,2025-03-26 14:19:13.006728
1012,143,490.75,USD,withdrawal,2025-04-15 14:19:13.006730
1013,191,328.26,USD,withdrawal,2025-02-23 14:19:13.006731
1014,21,404.16,USD,deposit,2025-02-25 14:19:13.006733
1015,227,360.4,USD,withdrawal,2025-04-11 14:19:13.006734
1016,313,300.65,USD,withdrawal,2025-04-08 14:19:13.006736
1017,117,36.14,USD,withdrawal,2025-03-11 14:19:13.006737
1018,437,232.83,USD,deposit,2025-04-19 14:19:13.006739
1019,302,340.65,USD,deposit,2025-02-24 14:19:13.006740
1020,500,341.99,USD,deposit,2025-03-03 14:19:13.006742
1021,142,192.83,USD,deposit,2025-02-23 14:19:13.006744
1022,484,471.43,USD,deposit,2025-04-09 14:19:13.006745
1023,460,92.0,USD,withdrawal,2025-03-13 14:19:13.006747
1024,401,255.18,USD,deposit,2025-03-11 14:19:13.006748
1025,39,348.53,USD,deposit,2025-03-09 14:19:13.006750
1026,393,351.6,USD,deposit,2025-03-23 14:19:13.006752
1027,355,327.83,USD,withdrawal,2025-04-11 14:19:13.006754
1028,252,144.89,USD,deposit,2025-04-17 14:19:13.006755
1029,333,86.54,USD,deposit,2025-03-17 14:19:13.006757
1030,207,321.61,USD,deposit,2025-03-13 14:19:13.006758
1031,210,303.66,USD,withdrawal,2025-04-17 14:19:13.006760
1032,115,97.88,USD,deposit,2025-03-30 14:19:13.006761
1033,225,355.52,USD,deposit,2025-02-26 14:19:13.006763
1034,134,233.03,USD,withdrawal,2025-04-10 14:19:13.006764
1035,251,337.2,USD,withdrawal,2025-04-15 14:19:13.006766
1036,219,420.31,USD,withdrawal,2025-04-11 14:19:13.006767
1037,407,93.17,USD,deposit,2025-04-02 14:19:13.006769
1038,443,19.38,USD,deposit,2025-04-13 14:19:13.006771
1039,91,391.76,USD,withdrawal,2025-03-15 14:19:13.006772
1040,354,308.75,USD,deposit,2025-04-05 14:19:13.006774
1041,376,352.82,USD,withdrawal,2025-03-24 14:19:13.006775
1042,46,420.7,USD,deposit,2025-04-03 14:19:13.006777
1043,38,403.38,USD,deposit,2025-03-02 14:19:13.006778
1044,142,480.85,USD,deposit,2025-02-28 14:19:13.006780
1045,100,272.61,USD,deposit,2025-03-09 14:19:13.006781
1046,328,249.36,USD,deposit,2025-02-26 14:19:13.006783
1047,190,206.92,USD,deposit,2025-03-06 14:19:13.006785
1048,35,85.31,USD,withdrawal,2025-03-29 14:19:13.006786
1049,147,290.58,USD,deposit,2025-03-10 14:19:13.006788
1050,30,145.74,USD,deposit,2025-03-30 14:19:13.006789
1051,334,461.44,USD,withdrawal,2025-03-22 14:19:13.006791
1052,84,295.76,USD,deposit,2025-03-14 14:19:13.006792
1053,369,300.49,USD,deposit,2025-03-24 14:19:13.006794
1054,281,183.91,USD,withdrawal,2025-03-13 14:19:13.006795
1055,424,35.47,USD,deposit,2025-03-21 14:19:13.006797
1056,344,25.55,USD,withdrawal,2025-04-12 14:19:13.006799
1057,270,217.43,USD,withdrawal,2025-02-25 14:19:13.006800
1058,154,51.44,USD,withdrawal,2025-04-07 14:19:13.006802
1059,102,307.36,USD,deposit,2025-03-27 14:19:13.006803
1060,215,441.68,USD,deposit,2025-03-12 14:19:13.006805
1061,150,442.63,USD,deposit,2025-02-25 14:19:13.006806
1062,432,332.93,USD,deposit,2025-04-15 14:19:13.006808
1063,83,113.5,USD,withdrawal,2025-03-21 14:19:13.006809
1064,110,432.87,USD,deposit,2025-04-14 14:19:13.006811
1065,435,444.19,USD,deposit,2025-03-18 14:19:13.006812
1066,387,106.36,USD,withdrawal,2025-04-21 14:19:13.006814
1067,426,371.34,USD,deposit,2025-03-03 14:19:13.006815
1068,275,150.39,USD,deposit,2025-03-24 14:19:13.006817
1069,201,403.29,USD,deposit,2025-03-17 14:19:13.006818
1070,284,498.65,USD,withdrawal,2025-03-23 14:19:13.006820
1071,468,24.71,USD,deposit,2025-03-25 14:19:13.006822
1072,173,449.71,USD,withdrawal,2025-03-24 14:19:13.006823
1073,327,315.09,USD,deposit,2025-03-09 14:19:13.006825
1074,206,486.96,USD,withdrawal,2025-04-11 14:19:13.006826
1075,63,237.85,USD,withdrawal,2025-02-24 14:19:13.006828
1076,73,425.22,USD,deposit,2025-04-15 14:19:13.006829
1077,251,40.57,USD,deposit,2025-03-17 14:19:13.006831
1078,124,174.29,USD,deposit,2025-03-02 14:19:13.006832
1079,375,42.84,USD,withdrawal,2025-02-23 14:19:13.006834
1080,121,487.92,USD,deposit,2025-04-07 14:19:13.006835
1081,275,410.32,USD,deposit,2025-03-18 14:19:13.006837
1082,431,427.75,USD,deposit,2025-04-10 14:19:13.006838
1083,500,469.6,USD,deposit,2025-04-09 14:19:13.006840
1084,398,51.7,USD,deposit,2025-04-05 14:19:13.006841
1085,120,198.94,USD,deposit,2025-04-01 14:19:13.006843
1086,422,44.81,USD,deposit,2025-04-23 14:19:13.006844
1087,437,113.29,USD,withdrawal,2025-04-04 14:19:13.006846
1088,317,122.39,USD,deposit,2025-03-17 14:19:13.006847
1089,164,239.86,USD,deposit,2025-03-26 14:19:13.006849
1090,424,141.6,USD,withdrawal,2025-03-01 14:19:13.006851
1091,465,59.48,USD,withdrawal,2025-03-25 14:19:13.006852
1092,286,92.07,USD,withdrawal,2025-03-05 14:19:13.006854
1093,265,82.17,USD,deposit,2025-03-11 14:19:13.006855
1094,320,486.81,USD,deposit,2025-03-16 14:19:13.006857
1095,161,382.05,USD,deposit,2025-03-21 14:19:13.006859
1096,376,484.2,USD,withdrawal,2025-03-09 14:19:13.006860
1097,308,225.47,USD,deposit,2025-04-18 14:19:13.006862
1098,89,146.4,USD,deposit,2025-03-08 14:19:13.006863
1099,142,401.16,USD,deposit,2025-04-11 14:19:13.006865
1100,203,169.86,USD,deposit,2025-03-20 14:19:13.006866
1101,309,156.7,USD,deposit,2025-04-09 14:19:13.006868
1102,227,123.93,USD,deposit,2025-04-18 14:19:13.006869
1103,489,73.54,USD,deposit,2025-03-13 14:19:13.006871
1104,443,135.67,USD,deposit,2025-03-28 14:19:13.006873
1105,334,184.11,USD,withdrawal,2025-04-20 14:19:13.006874
1106,222,340.26,USD,withdrawal,2025-03-13 14:19:13.006876
1107,41,40.66,USD,withdrawal,2025-02-23 14:19:13.006878
1108,196,113.15,USD,withdrawal,2025-04-10 14:19:13.006879
1109,68,406.42,USD,deposit,2025-03-28 14:19:13.006881
1110,476,81.99,USD,deposit,2025-04-21 14:19:13.006882
1111,264,177.9,USD,deposit,2025-04-04 14:19:13.006884
1112,2,433.68,USD,deposit,2025-04-17 14:19:13.006886
1113,361,85.91,USD,deposit,2025-03-15 14:19:13.006889
1114,125,50.54,USD,deposit,2025-02-26 14:19:13.006892
1115,110,247.42,USD,deposit,2025-03-27 14:19:13.006894
1116,86,158.19,USD,deposit,2025-03-27 14:19:13.006897
1117,425,286.07,USD,deposit,2025-04-15 14:19:13.006900
1118,120,403.86,USD,deposit,2025-03-18 14:19:13.006902
1119,127,77.2,USD,withdrawal,2025-03-15 14:19:13.006904
1120,255,294.54,USD,deposit,2025-04-10 14:19:13.006907
1121,183,257.7,USD,deposit,2025-04-01 14:19:13.006910
1122,16,80.6,USD,deposit,2025-04-03 14:19:13.006912
1123,477,315.76,USD,deposit,2025-04-06 14:19:13.006915
1124,62,144.08,USD,deposit,2025-03-15 14:19:13.006918
1125,369,249.04,USD,deposit,2025-03-12 14:19:13.006920
1126,432,50.31,USD,deposit,2025-04-14 14:19:13.006922
1127,158,235.2,USD,deposit,2025-03-09 14:19:13.006923
1128,268,160.17,USD,withdrawal,2025-03-28 14:19:13.006925
1129,35,412.97,USD,withdrawal,2025-04-08 14:19:13.006927
1130,267,37.92,USD,deposit,2025-02-28 14:19:13.006928
1131,64,215.12,USD,deposit,2025-03-25 14:19:13.006930
1132,494,234.63,USD,withdrawal,2025-02-23 14:19:13.006931
1133,50,365.25,USD,deposit,2025-03-15 14:19:13.006933
1134,469,291.4,USD,deposit,2025-03-16 14:19:13.006934
1135,255,336.93,USD,deposit,2025-03-14 14:19:13.006936
1136,149,390.75,USD,withdrawal,2025-04-23 14:19:13.006937
1137,325,432.48,USD,deposit,2025-04-24 14:19:13.006939
1138,304,163.8,USD,deposit,2025-04-18 14:19:13.006941
1139,276,273.63,USD,withdrawal,2025-04-03 14:19:13.006942
1140,357,421.65,USD,deposit,2025-04-06 14:19:13.006944
1141,451,494.83,USD,deposit,2025-03-08 14:19:13.006945
1142,172,445.86,USD,withdrawal,2025-04-21 14:19:13.006947
1143,417,192.02,USD,deposit,2025-04-13 14:19:13.006948
1144,201,105.63,USD,deposit,2025-03-03 14:19:13.006950
1145,445,249.8,USD,deposit,2025-03-21 14:19:13.006951
1146,393,373.4,USD,deposit,2025-03-13 14:19:13.006953
1147,324,251.36,USD,deposit,2025-04-17 14:19:13.006954
1148,35,246.76,USD,deposit,2025-03-27 14:19:13.006956
1149,465,420.73,USD,deposit,2025-02-24 14:19:13.006957
1150,482,187.09,USD,withdrawal,2025-04-24 14:19:13.006959
1151,216,431.3,USD,deposit,2025-03-22 14:19:13.006960
1152,480,209.33,USD,deposit,2025-04-07 14:19:13.006962
1153,65,170.83,USD,deposit,2025-03-17 14:19:13.006964
1154,8,232.46,USD,withdrawal,2025-02-26 14:19:13.006965
1155,301,383.6,USD,deposit,2025-04-16 14:19:13.006967
1156,343,71.74,USD,deposit,2025-03-17 14:19:13.006968
1157,431,106.25,USD,deposit,2025-03-15 14:19:13.006970
1158,424,476.21,USD,deposit,2025-03-08 14:19:13.006971
1159,332,95.99,USD,deposit,2025-03-17 14:19:13.006973
1160,438,288.19,USD,withdrawal,2025-04-08 14:19:13.006974
1161,76,293.86,USD,deposit,2025-04-02 14:19:13.006976
1162,174,249.92,USD,deposit,2025-03-13 14:19:13.006977
1163,47,325.93,USD,deposit,2025-03-31 14:19:13.006979
1164,15,122.62,USD,withdrawal,2025-03-30 14:19:13.006980
1165,361,280.8,USD,deposit,2025-03-31 14:19:13.006982
1166,147,192.36,USD,deposit,2025-04-09 14:19:13.006983
1167,26,334.22,USD,deposit,2025-03-23 14:19:13.006985
1168,308,79.2,USD,deposit,2025-03-02 14:19:13.006986
1169,93,289.73,USD,deposit,2025-04-20 14:19:13.006988
1170,406,100.78,USD,deposit,2025-04-06 14:19:13.006989
1171,232,146.54,USD,deposit,2025-03-29 14:19:13.006991
1172,21,117.17,USD,deposit,2025-02-23 14:19:13.006992
1173,307,99.59,USD,deposit,2025-03-30 14:19:13.006994
1174,38,414.6,USD,deposit,2025-02-28 14:19:13.006996
1175,276,150.0,USD,deposit,2025-04-12 14:19:13.006998
1176,157,464.29,USD,withdrawal,2025-03-06 14:19:13.007001
1177,179,485.26,USD,withdrawal,2025-04-16 14:19:13.007004
1178,132,289.92,USD,withdrawal,2025-03-29 14:19:13.007006
1179,311,80.07,USD,withdrawal,2025-04-11 14:19:13.007009
1180,455,193.53,USD,deposit,2025-04-06 14:19:13.007011
1181,348,400.89,USD,withdrawal,2025-04-09 14:19:13.007014
1182,28,190.02,USD,deposit,2025-02-23 14:19:13.007017
1183,260,52.64,USD,deposit,2025-04-09 14:19:13.007019
1184,406,282.82,USD,deposit,2025-04-16 14:19:13.007021
1185,76,424.11,USD,deposit,2025-03-10 14:19:13.007022
1186,429,400.0,USD,withdrawal,2025-03-17 14:19:13.007024
1187,67,95.81,USD,deposit,2025-03-30 14:19:13.007025
1188,342,339.65,USD,deposit,2025-04-09 14:19:13.007027
1189,492,118.05,USD,withdrawal,2025-04-21 14:19:13.007029
1190,194,116.92,USD,deposit,2025-04-21 14:19:13.007030
1191,472,438.3,USD,deposit,2025-03-27 14:19:13.007032
1192,162,132.34,USD,withdrawal,2025-03-27 14:19:13.007033
1193,347,138.99,USD,deposit,2025-02-26 14:19:13.007035
1194,439,10.32,USD,deposit,2025-03-24 14:19:13.007037
1195,361,436.63,USD,deposit,2025-03-11 14:19:13.007038
1196,257,398.37,USD,deposit,2025-04-14 14:19:13.007040
1197,72,317.39,USD,withdrawal,2025-04-03 14:19:13.007041
1198,87,377.63,USD,deposit,2025-04-23 14:19:13.007043
1199,422,84.5,USD,deposit,2025-04-11 14:19:13.007044
1200,262,234.58,USD,deposit,2025-03-05 14:19:13.007046
1201,214,182.1,USD,deposit,2025-03-30 14:19:13.007047
1202,153,55.95,USD,withdrawal,2025-02-28 14:19:13.007049
1203,210,248.2,USD,deposit,2025-02-27 14:19:13.007050
1204,401,461.16,USD,deposit,2025-04-06 14:19:13.007052
1205,61,29.63,USD,deposit,2025-04-11 14:19:13.007053
1206,268,152.82,USD,deposit,2025-03-20 14:19:13.007055
1207,262,111.7,USD,withdrawal,2025-03-15 14:19:13.007057
1208,218,126.69,USD,deposit,2025-03-05 14:19:13.007059
1209,283,455.13,USD,deposit,2025-04-15 14:19:13.007060
1210,136,239.35,USD,deposit,2025-03-03 14:19:13.007062
1211,467,238.49,USD,withdrawal,2025-04-09 14:19:13.007063
1212,380,382.68,USD,deposit,2025-04-06 14:19:13.007065
1213,362,85.7,USD,withdrawal,2025-03-25 14:19:13.007066
1214,449,248.76,USD,deposit,2025-03-14 14:19:13.007068
1215,441,220.69,USD,withdrawal,2025-02-27 14:19:13.007069
1216,93,302.49,USD,deposit,2025-04-23 14:19:13.007071
1217,109,499.78,USD,deposit,2025-03-26 14:19:13.007072
1218,241,387.03,USD,deposit,2025-04-12 14:19:13.007074
1219,355,204.95,USD,deposit,2025-03-03 14:19:13.007075
1220,424,415.5,USD,withdrawal,2025-03-23 14:19:13.007077
1221,142,93.65,USD,withdrawal,2025-04-01 14:19:13.007079
1222,291,24.93,USD,deposit,2025-04-06 14:19:13.007080
1223,432,110.18,USD,deposit,2025-03-15 14:19:13.007082
1224,237,176.8,USD,deposit,2025-03-02 14:19:13.007083
1225,340,260.18,USD,withdrawal,2025-03-13 14:19:13.007085
1226,312,311.41,USD,deposit,2025-04-21 14:19:13.007086
1227,177,456.2,USD,deposit,2025-04-14 14:19:13.007088
1228,141,259.83,USD,deposit,2025-03-13 14:19:13.007089
1229,189,255.63,USD,deposit,2025-03-22 14:19:13.007091
1230,486,34.62,USD,deposit,2025-03-20 14:19:13.007098
1231,49,27.11,USD,deposit,2025-03-01 14:19:13.007100
1232,302,280.07,USD,deposit,2025-02-24 14:19:13.007101
1233,369,224.71,USD,withdrawal,2025-03-27 14:19:13.007103
1234,190,421.2,USD,deposit,2025-04-19 14:19:13.007105
1235,136,88.73,USD,deposit,2025-03-28 14:19:13.007106
1236,43,22.24,USD,deposit,2025-03-15 14:19:13.007108
1237,404,230.03,USD,withdrawal,2025-04-06 14:19:13.007109
1238,380,126.36,USD,deposit,2025-04-04 14:19:13.007112
1239,353,34.31,USD,deposit,2025-04-07 14:19:13.007113
1240,90,365.05,USD,deposit,2025-04-17 14:19:13.007115
1241,295,64.68,USD,deposit,2025-04-22 14:19:13.007116
1242,341,308.08,USD,deposit,2025-03-08 14:19:13.007118
1243,245,147.71,USD,withdrawal,2025-03-16 14:19:13.007119
1244,433,95.01,USD,withdrawal,2025-04-06 14:19:13.007121
1245,192,196.08,USD,deposit,2025-03-30 14:19:13.007123
1246,318,402.71,USD,deposit,2025-03-27 14:19:13.007126
1247,106,202.13,USD,withdrawal,2025-03-02 14:19:13.007128
1248,363,377.88,USD,deposit,2025-03-17 14:19:13.007130
1249,310,71.49,USD,withdrawal,2025-04-15 14:19:13.007131
1250,382,388.66,USD,deposit,2025-04-05 14:19:13.007133
1251,233,126.1,USD,withdrawal,2025-04-05 14:19:13.007134
1252,265,341.92,USD,withdrawal,2025-03-25 14:19:13.007136
1253,344,287.23,USD,withdrawal,2025-04-12 14:19:13.007137
1254,37,465.28,USD,deposit,2025-03-02 14:19:13.007139
1255,305,199.79,USD,deposit,2025-03-22 14:19:13.007140
1256,41,42.42,USD,withdrawal,2025-03-09 14:19:13.007142
1257,17,19.39,USD,deposit,2025-04-20 14:19:13.007144
1258,344,415.16,USD,deposit,2025-03-10 14:19:13.007145
1259,277,267.12,USD,withdrawal,2025-03-14 14:19:13.007147
1260,307,389.87,USD,withdrawal,2025-04-18 14:19:13.007148
1261,59,124.87,USD,withdrawal,2025-03-04 14:19:13.007150
1262,423,179.09,USD,deposit,2025-03-22 14:19:13.007151
1263,183,24.75,USD,withdrawal,2025-02-23 14:19:13.007153
1264,41,481.13,USD,withdrawal,2025-04-14 14:19:13.007154
1265,39,337.26,USD,deposit,2025-03-15 14:19:13.007156
1266,397,467.27,USD,deposit,2025-04-13 14:19:13.007158
1267,192,140.09,USD,deposit,2025-03-03 14:19:13.007159
1268,267,309.62,USD,deposit,2025-03-10 14:19:13.007161
1269,494,342.46,USD,withdrawal,2025-04-21 14:19:13.007162
1270,147,165.6,USD,deposit,2025-04-11 14:19:13.007164
1271,395,425.57,USD,withdrawal,2025-03-12 14:19:13.007165
1272,333,474.11,USD,withdrawal,2025-03-21 14:19:13.007167
1273,127,443.58,USD,deposit,2025-02-28 14:19:13.007169
1274,46,372.14,USD,withdrawal,2025-03-30 14:19:13.007170
1275,45,145.96,USD,deposit,2025-03-27 14:19:13.007172
1276,1,147.99,USD,withdrawal,2025-02-24 14:19:13.007173
1277,168,482.05,USD,deposit,2025-02-23 14:19:13.007175
1278,108,15.04,USD,withdrawal,2025-03-15 14:19:13.007176
1279,19,360.86,USD,deposit,2025-04-23 14:19:13.007178
1280,332,356.06,USD,deposit,2025-03-13 14:19:13.007179
1281,72,315.12,USD,withdrawal,2025-03-29 14:19:13.007181
1282,456,495.15,USD,deposit,2025-03-18 14:19:13.007183
1283,445,162.82,USD,deposit,2025-04-13 14:19:13.007184
1284,109,176.59,USD,deposit,2025-04-20 14:19:13.007186
1285,268,48.68,USD,withdrawal,2025-04-02 14:19:13.007187
1286,445,226.97,USD,deposit,2025-03-28 14:19:13.007189
1287,240,137.91,USD,deposit,2025-03-08 14:19:13.007190
1288,417,178.26,USD,deposit,2025-04-16 14:19:13.007192
1289,301,418.94,USD,deposit,2025-03-16 14:19:13.007193
1290,90,468.39,USD,deposit,2025-03-31 14:19:13.007195
1291,103,101.01,USD,deposit,2025-03-23 14:19:13.007196
1292,476,192.53,USD,deposit,2025-03-21 14:19:13.007198
1293,250,465.03,USD,deposit,2025-04-23 14:19:13.007200
1294,453,40.29,USD,deposit,2025-02-28 14:19:13.007201
1295,8,55.26,USD,withdrawal,2025-03-29 14:19:13.007203
1296,153,89.77,USD,deposit,2025-04-03 14:19:13.007204
1297,347,301.65,USD,deposit,2025-03-03 14:19:13.007206
1298,174,83.73,USD,deposit,2025-02-24 14:19:13.007207
1299,343,484.36,USD,deposit,2025-03-03 14:19:13.007209
1300,158,228.89,USD,withdrawal,2025-02-28 14:19:13.007210
1301,493,255.74,USD,deposit,2025-03-28 14:19:13.007212
1302,431,130.86,USD,deposit,2025-03-10 14:19:13.007213
1303,215,240.77,USD,deposit,2025-03-31 14:19:13.007215
1304,177,334.34,USD,deposit,2025-03-17 14:19:13.007216
1305,175,378.08,USD,deposit,2025-03-27 14:19:13.007218
1306,340,379.4,USD,deposit,2025-03-23 14:19:13.007219
1307,338,293.17,USD,deposit,2025-04-22 14:19:13.007221
1308,146,453.14,USD,withdrawal,2025-03-06 14:19:13.007222
1309,450,410.53,USD,deposit,2025-03-22 14:19:13.007224
1310,324,380.95,USD,deposit,2025-03-30 14:19:13.007226
1311,478,37.25,USD,withdrawal,2025-04-24 14:19:13.007227
1312,161,13.37,USD,withdrawal,2025-03-13 14:19:13.007228
1313,127,114.1,USD,deposit,2025-02-24 14:19:13.007230
1314,420,335.13,USD,withdrawal,2025-03-30 14:19:13.007232
1315,82,211.49,USD,withdrawal,2025-03-08 14:19:13.007233
1316,485,207.18,USD,deposit,2025-03-21 14:19:13.007235
1317,147,443.45,USD,deposit,2025-04-13 14:19:13.007236
1318,239,448.83,USD,deposit,2025-03-31 14:19:13.007238
1319,412,455.5,USD,withdrawal,2025-04-15 14:19:13.007239
1320,424,163.8,USD,deposit,2025-04-22 14:19:13.007241
1321,84,348.62,USD,deposit,2025-04-05 14:19:13.007242
1322,113,143.1,USD,withdrawal,2025-04-20 14:19:13.007244
1323,225,103.4,USD,deposit,2025-04-18 14:19:13.007246
1324,332,100.47,USD,deposit,2025-03-07 14:19:13.007247
1325,378,177.63,USD,deposit,2025-04-22 14:19:13.007249
1326,243,220.68,USD,deposit,2025-04-14 14:19:13.007250
1327,143,417.17,USD,withdrawal,2025-04-05 14:19:13.007252
1328,41,68.75,USD,deposit,2025-04-22 14:19:13.007253
1329,423,370.11,USD,withdrawal,2025-03-18 14:19:13.007255
1330,258,270.41,USD,deposit,2025-04-14 14:19:13.007256
1331,447,151.09,USD,deposit,2025-02-24 14:19:13.007258
1332,285,251.48,USD,withdrawal,2025-03-27 14:19:13.007260
1333,105,156.97,USD,deposit,2025-04-12 14:19:13.007261
1334,202,302.08,USD,deposit,2025-03-11 14:19:13.007263
1335,450,222.58,USD,deposit,2025-03-31 14:19:13.007264
1336,307,90.56,USD,withdrawal,2025-04-16 14:19:13.007266
1337,331,67.13,USD,deposit,2025-03-26 14:19:13.007267
1338,461,277.88,USD,deposit,2025-04-19 14:19:13.007269
1339,266,452.18,USD,deposit,2025-03-04 14:19:13.007271
1340,398,178.54,USD,deposit,2025-03-21 14:19:13.007272
1341,210,369.17,USD,withdrawal,2025-03-15 14:19:13.007274
1342,51,332.74,USD,deposit,2025-04-24 14:19:13.007275
1343,118,466.46,USD,deposit,2025-04-07 14:19:13.007277
1344,201,412.28,USD,deposit,2025-04-15 14:19:13.007278
1345,377,287.64,USD,deposit,2025-03-04 14:19:13.007280
1346,39,331.94,USD,withdrawal,2025-04-19 14:19:13.007281
1347,28,450.21,USD,deposit,2025-03-18 14:19:13.007283
1348,259,205.76,USD,withdrawal,2025-04-06 14:19:13.007284
1349,84,170.13,USD,deposit,2025-04-05 14:19:13.007286
1350,454,15.3,USD,deposit,2025-02-25 14:19:13.007287
1351,155,415.01,USD,withdrawal,2025-02-25 14:19:13.007289
1352,117,402.48,USD,deposit,2025-03-06 14:19:13.007290
1353,2,61.18,USD,withdrawal,2025-04-12 14:19:13.007292
1354,93,292.66,USD,withdrawal,2025-04-02 14:19:13.007294
1355,166,237.35,USD,deposit,2025-03-06 14:19:13.007295
1356,387,68.17,USD,deposit,2025-02-26 14:19:13.007297
1357,400,490.48,USD,withdrawal,2025-03-23 14:19:13.007298
1358,350,115.2,USD,deposit,2025-04-23 14:19:13.007300
1359,296,42.94,USD,deposit,2025-04-01 14:19:13.007301
1360,258,301.48,USD,deposit,2025-04-04 14:19:13.007303
1361,81,372.04,USD,deposit,2025-04-18 14:19:13.007304
1362,425,25.9,USD,withdrawal,2025-04-20 14:19:13.007306
1363,268,332.77,USD,deposit,2025-03-08 14:19:13.007307
1364,419,270.82,USD,deposit,2025-04-02 14:19:13.007309
1365,235,60.6,USD,deposit,2025-04-13 14:19:13.007310
1366,321,94.54,USD,deposit,2025-04-12 14:19:13.007312
1367,311,288.31,USD,deposit,2025-04-07 14:19:13.007313
1368,301,155.22,USD,withdrawal,2025-03-17 14:19:13.007315
1369,463,469.77,USD,deposit,2025-03-09 14:19:13.007317
1370,474,411.18,USD,withdrawal,2025-03-05 14:19:13.007318
1371,357,491.95,USD,withdrawal,2025-03-25 14:19:13.007320
1372,213,137.24,USD,deposit,2025-03-14 14:19:13.007321
1373,62,485.16,USD,deposit,2025-04-18 14:19:13.007323
1374,49,221.3,USD,deposit,2025-04-07 14:19:13.007324
1375,127,180.28,USD,deposit,2025-04-22 14:19:13.007326
1376,223,34.67,USD,withdrawal,2025-03-22 14:19:13.007327
1377,409,35.85,USD,withdrawal,2025-04-20 14:19:13.007329
1378,279,349.09,USD,deposit,2025-02-25 14:19:13.007330
1379,408,234.39,USD,deposit,2025-03-06 14:19:13.007332
1380,294,121.0,USD,withdrawal,2025-04-13 14:19:13.007334
1381,284,310.85,USD,withdrawal,2025-03-01 14:19:13.007335
1382,277,133.9,USD,deposit,2025-03-07 14:19:13.007337
1383,438,293.04,USD,deposit,2025-03-16 14:19:13.007338
1384,107,186.01,USD,deposit,2025-04-21 14:19:13.007340
1385,146,413.54,USD,withdrawal,2025-04-08 14:19:13.007341
1386,420,412.14,USD,deposit,2025-02-27 14:19:13.007343
1387,99,243.9,USD,deposit,2025-02-23 14:19:13.007344
1388,429,181.9,USD,deposit,2025-02-25 14:19:13.007346
1389,375,187.65,USD,deposit,2025-03-16 14:19:13.007347
1390,73,404.8,USD,deposit,2025-04-16 14:19:13.007349
1391,437,170.81,USD,withdrawal,2025-04-04 14:19:13.007350
1392,486,112.44,USD,deposit,2025-02-26 14:19:13.007352
1393,122,51.5,USD,deposit,2025-03-19 14:19:13.007353
1394,30,238.68,USD,deposit,2025-03-31 14:19:13.007355
1395,188,246.24,USD,deposit,2025-03-22 14:19:13.007357
1396,364,422.05,USD,deposit,2025-03-13 14:19:13.007358
1397,354,118.41,USD,deposit,2025-04-24 14:19:13.007360
1398,288,196.69,USD,deposit,2025-03-26 14:19:13.007361
1399,451,406.12,USD,deposit,2025-03-17 14:19:13.007363
1400,195,413.58,USD,deposit,2025-04-22 14:19:13.007364
1401,156,198.46,USD,deposit,2025-03-02 14:19:13.007366
1402,172,234.97,USD,withdrawal,2025-04-10 14:19:13.007367
1403,335,158.61,USD,withdrawal,2025-03-12 14:19:13.007369
1404,41,466.95,USD,deposit,2025-04-21 14:19:13.007370
1405,63,68.14,USD,deposit,2025-03-27 14:19:13.007372
1406,23,467.54,USD,withdrawal,2025-04-17 14:19:13.007374
1407,360,345.09,USD,deposit,2025-03-10 14:19:13.007376
1408,75,270.47,USD,withdrawal,2025-04-23 14:19:13.007378
1409,48,26.0,USD,withdrawal,2025-04-20 14:19:13.007379
1410,160,243.04,USD,deposit,2025-04-14 14:19:13.007381
1411,313,209.8,USD,deposit,2025-03-26 14:19:13.007382
1412,118,89.0,USD,withdrawal,2025-03-01 14:19:13.007384
1413,100,331.64,USD,deposit,2025-04-01 14:19:13.007385
1414,380,485.86,USD,deposit,2025-03-16 14:19:13.007387
1415,417,285.47,USD,deposit,2025-04-13 14:19:13.007388
1416,408,360.23,USD,deposit,2025-04-06 14:19:13.007390
1417,167,43.54,USD,deposit,2025-04-11 14:19:13.007391
1418,290,214.66,USD,withdrawal,2025-02-26 14:19:13.007393
1419,440,67.02,USD,withdrawal,2025-03-05 14:19:13.007394
1420,156,310.27,USD,deposit,2025-04-17 14:19:13.007396
1421,421,469.86,USD,deposit,2025-04-04 14:19:13.007397
1422,7,334.27,USD,deposit,2025-03-16 14:19:13.007399
1423,196,47.63,USD,deposit,2025-03-18 14:19:13.007400
1424,421,183.79,USD,deposit,2025-04-23 14:19:13.007402
1425,56,279.83,USD,withdrawal,2025-03-04 14:19:13.007403
1426,321,207.57,USD,withdrawal,2025-03-21 14:19:13.007405
1427,193,418.49,USD,deposit,2025-04-09 14:19:13.007406
1428,47,409.19,USD,deposit,2025-04-15 14:19:13.007408
1429,148,309.8,USD,deposit,2025-04-05 14:19:13.007410
1430,275,192.99,USD,deposit,2025-03-27 14:19:13.007411
1431,157,135.11,USD,deposit,2025-03-06 14:19:13.007413
1432,202,61.88,USD,deposit,2025-03-13 14:19:13.007414
1433,444,183.9,USD,withdrawal,2025-03-23 14:19:13.007416
1434,402,212.45,USD,deposit,2025-03-01 14:19:13.007418
1435,476,341.15,USD,deposit,2025-03-20 14:19:13.007419
1436,419,332.5,USD,withdrawal,2025-04-16 14:19:13.007421
1437,427,44.35,USD,deposit,2025-03-13 14:19:13.007423
1438,495,203.68,USD,deposit,2025-04-01 14:19:13.007425
1439,479,99.07,USD,deposit,2025-03-09 14:19:13.007426
1440,475,86.84,USD,deposit,2025-04-24 14:19:13.007428
1441,126,415.38,USD,withdrawal,2025-02-28 14:19:13.007429
1442,395,30.54,USD,deposit,2025-04-01 14:19:13.007432
1443,305,215.4,USD,withdrawal,2025-03-04 14:19:13.007435
1444,369,92.42,USD,deposit,2025-02-23 14:19:13.007437
1445,294,440.87,USD,deposit,2025-03-13 14:19:13.007440
1446,64,282.95,USD,withdrawal,2025-04-24 14:19:13.007443
1447,325,123.38,USD,deposit,2025-04-06 14:19:13.007445
1448,392,256.19,USD,deposit,2025-04-08 14:19:13.007448
1449,418,368.43,USD,deposit,2025-02-24 14:19:13.007450
1450,176,479.48,USD,deposit,2025-04-13 14:19:13.007453
1451,116,118.02,USD,deposit,2025-02-24 14:19:13.007456
1452,440,444.23,USD,deposit,2025-02-28 14:19:13.007458
1453,204,467.81,USD,deposit,2025-02-27 14:19:13.007460
1454,486,459.05,USD,deposit,2025-04-16 14:19:13.007461
1455,321,321.35,USD,withdrawal,2025-04-11 14:19:13.007463
1456,31,318.61,USD,deposit,2025-03-16 14:19:13.007464
1457,388,207.57,USD,withdrawal,2025-03-01 14:19:13.007466
1458,113,378.67,USD,deposit,2025-04-20 14:19:13.007468
1459,365,270.33,USD,deposit,2025-04-15 14:19:13.007469
1460,434,341.94,USD,withdrawal,2025-03-25 14:19:13.007471
1461,325,219.94,USD,deposit,2025-04-09 14:19:13.007472
1462,414,368.43,USD,withdrawal,2025-04-10 14:19:13.007474
1463,376,413.99,USD,deposit,2025-04-23 14:19:13.007475
1464,344,81.75,USD,deposit,2025-02-26 14:19:13.007477
1465,443,418.14,USD,deposit,2025-02-26 14:19:13.007478
1466,67,274.75,USD,deposit,2025-03-24 14:19:13.007480
1467,75,423.89,USD,withdrawal,2025-03-16 14:19:13.007481
1468,45,221.34,USD,deposit,2025-03-01 14:19:13.007483
1469,260,195.73,USD,withdrawal,2025-04-04 14:19:13.007484
1470,154,458.38,USD,withdrawal,2025-03-06 14:19:13.007486
1471,155,133.07,USD,deposit,2025-04-01 14:19:13.007488
1472,430,423.66,USD,deposit,2025-04-18 14:19:13.007489
1473,363,247.17,USD,withdrawal,2025-03-05 14:19:13.007491
1474,448,261.91,USD,withdrawal,2025-04-19 14:19:13.007492
1475,475,161.15,USD,deposit,2025-04-21 14:19:13.007494
1476,234,290.79,USD,deposit,2025-03-19 14:19:13.007495
1477,51,169.35,USD,deposit,2025-04-11 14:19:13.007497
1478,306,29.24,USD,deposit,2025-03-09 14:19:13.007498
1479,262,143.28,USD,deposit,2025-03-15 14:19:13.007500
1480,315,13.13,USD,withdrawal,2025-03-18 14:19:13.007501
1481,125,489.39,USD,deposit,2025-02-27 14:19:13.007503
1482,399,483.22,USD,deposit,2025-04-12 14:19:13.007505
1483,245,203.63,USD,deposit,2025-03-15 14:19:13.007507
1484,30,366.9,USD,deposit,2025-03-27 14:19:13.007510
1485,426,179.44,USD,deposit,2025-03-08 14:19:13.007513
1486,485,338.84,USD,deposit,2025-03-30 14:19:13.007516
1487,122,404.66,USD,deposit,2025-03-07 14:19:13.007518
1488,125,473.91,USD,deposit,2025-03-01 14:19:13.007521
1489,37,206.1,USD,deposit,2025-04-07 14:19:13.007524
1490,170,393.82,USD,withdrawal,2025-04-22 14:19:13.007527
1491,124,140.3,USD,deposit,2025-04-02 14:19:13.007528
1492,357,495.26,USD,deposit,2025-04-08 14:19:13.007530
1493,35,22.63,USD,deposit,2025-04-24 14:19:13.007531
1494,87,305.73,USD,withdrawal,2025-03-29 14:19:13.007533
1495,134,333.16,USD,deposit,2025-03-20 14:19:13.007534
1496,196,347.14,USD,deposit,2025-04-09 14:19:13.007536
1497,274,68.99,USD,withdrawal,2025-03-21 14:19:13.007537
1498,201,469.88,USD,deposit,2025-03-17 14:19:13.007539
1499,369,98.78,USD,deposit,2025-03-11 14:19:13.007541
1500,285,315.15,USD,deposit,2025-04-22 14:19:13.007544
